,Unnamed: 0,test-MAE-mean,test-MAE-std,train-MAE-mean,train-MAE-std,iteration
30328,30328,9.867099014856857,0.07781431512756952,9.867075643496344,0.00972346454421054,35
30329,30329,9.76788275401665,0.07780781870073081,9.767883120338915,0.009730730678072569,35
30330,30330,9.66863015400774,0.07781005729257139,9.66863279152805,0.00973944058890571,35
30331,30331,9.569385100237492,0.07781316196321185,9.569402024326145,0.009725554697762885,35
30332,30332,9.47013337940202,0.07781435333572989,9.470134917955534,0.009732109779126544,35
30333,30333,9.37088847216068,0.0778179549664292,9.370930525956716,0.009715812030728318,35
30334,30334,9.271655580289638,0.07782068029998683,9.271678951650149,0.0097190835557533,35
30335,30335,9.172404885156505,0.07781881345981656,9.172456756389243,0.009719198993438828,35
30336,30336,9.073147083371431,0.07781949991956136,9.073175070392487,0.009719267992207034,35
30337,30337,8.973889574644167,0.0778238388566308,8.973951922693693,0.009707938339354252,35
30338,30338,8.887546903902829,0.07754860215148544,8.887590496252377,0.009679395554423395,35
30339,30339,8.813782127927944,0.07717267842178396,8.813839054407941,0.00969290813768475,35
30340,30340,8.740047463643247,0.07702610199430443,8.740225496264099,0.00957389045378437,35
30341,30341,8.666291332873818,0.07687427974018281,8.666472808923963,0.009489747754179552,35
30342,30342,8.592443035422484,0.07665434998496183,8.592695724520969,0.009418859138266691,35
30343,30343,8.518640308460931,0.07641613569623053,8.518930655488267,0.009365266043218669,35
30344,30344,8.444870257445427,0.0762850965015184,8.445183536246562,0.0093057780067219,35
30345,30345,8.370988185081247,0.07601929103858028,8.371393923622099,0.009256160834826796,35
30346,30346,8.297231175138382,0.07584050646748285,8.297629807027294,0.009209372448090378,35
30347,30347,8.223385295413998,0.07557850962078783,8.223876460307077,0.009163337936882784,35
30348,30348,8.14975444685924,0.07543248148236475,8.150367597066609,0.009053090652808064,35
30349,30349,8.083016098251735,0.07508127506312959,8.083500303021781,0.009120606831016743,35
30350,30350,8.026645475656274,0.07473529866239996,8.027270787762841,0.009153172837724832,35
30351,30351,7.974330406858019,0.07469421260140766,7.975063124652728,0.009062326358703451,35
30352,30352,7.924201256280228,0.07440325112168368,7.925047314183764,0.009057417397441977,35
30353,30353,7.875351156523348,0.07442085198808908,7.876205126987811,0.008964295679232799,35
30354,30354,7.8266250202209875,0.07413685891215634,7.827563830922055,0.0089049723192305,35
30355,30355,7.777758509226634,0.0738711786227738,7.778828316769706,0.008900587671179006,35
30356,30356,7.729075012835933,0.07379298496063562,7.730172221284437,0.008842825435861727,35
30357,30357,7.6804654402783346,0.07366668207680986,7.681559644884267,0.008786973049482913,35
30358,30358,7.631809418057518,0.07346149064093369,7.633040187603887,0.008709676942592408,35
30359,30359,7.583025988952893,0.07327769157092807,7.584501828094632,0.00865823795561888,35
30360,30360,7.5345704915400065,0.07315275240618188,7.5361631874843225,0.008635063633998005,35
30361,30361,7.488836768557007,0.07299379171100437,7.490334806828012,0.008579261036025451,35
30362,30362,7.447109145865422,0.07283020019053299,7.448531721749812,0.008570084540918451,35
30363,30363,7.408117071320894,0.07258587664380692,7.4095414055521545,0.00867076427009476,35
30364,30364,7.371170467040375,0.07230731328462152,7.3726282831266685,0.00867403040986535,35
30365,30365,7.335832969941647,0.07211664113892986,7.337364929654402,0.008739604052286076,35
30366,30366,7.30190764517498,0.07189965884179407,7.3034856149642335,0.008782256273562524,35
30367,30367,7.2689410590406,0.07170825766373078,7.270579472003599,0.008772349861578255,35
30368,30368,7.23658601129562,0.07155923518838013,7.238407585391184,0.008751352535898349,35
30369,30369,7.204722201708175,0.07137288740503568,7.206598577614603,0.008684492809716417,35
30370,30370,7.173287208964286,0.07127185788249847,7.1752080563937,0.008655789779615255,35
30371,30371,7.14212300163878,0.07117335125513387,7.144218291730847,0.00856495178807766,35
30372,30372,7.1111048836326045,0.07097673364786129,7.11331930172529,0.008591565827369788,35
30373,30373,7.080793914127026,0.07103728925720756,7.0829568273092365,0.008453644756507013,35
30374,30374,7.051430034205708,0.07090186343927175,7.053573019456693,0.008389209037091927,35
30375,30375,7.023436858936035,0.07079851765738307,7.025568927783522,0.00832088237609487,35
30376,30376,6.997171479262057,0.07062044852471774,6.999182368704237,0.00834067545572449,35
30377,30377,6.972203613051152,0.0705046575050412,6.9741392599000775,0.008316607515014425,35
30378,30378,6.948374276440261,0.07040779412450436,6.950243179372483,0.008277710973889824,35
30379,30379,6.925349383523586,0.07028982601598921,6.927213377737452,0.008255211520755215,35
30380,30380,6.903245278252531,0.07015699689545378,6.905041502847349,0.008242604911492814,35
30381,30381,6.881924369984316,0.06992440144769717,6.883645205456972,0.008276726741706745,35
30382,30382,6.861106861772837,0.06980967073840794,6.862841397698207,0.008286397785706093,35
30383,30383,6.840692894168619,0.06972589730851415,6.842481645789228,0.008273376902443102,35
30384,30384,6.82084416181949,0.0696247128051074,6.822619432780744,0.008273613575521645,35
30385,30385,6.801639350748001,0.06960521148208666,6.803327070687889,0.008240921542021827,35
30386,30386,6.782641365227402,0.0694893606744445,6.784362420493416,0.008245379761485792,35
30387,30387,6.7637708598550645,0.06941086976027003,6.765520708051118,0.008267332743716412,35
30388,30388,6.745347780497353,0.06925517083328064,6.747143858563267,0.008294426969667602,35
30389,30389,6.727782994206834,0.06917846842611487,6.7295283000068,0.008232084528332599,35
30390,30390,6.710464156685117,0.0690750529972972,6.712342144409512,0.008214341859187435,35
30391,30391,6.693740739373138,0.06900513317305781,6.695649644696706,0.008189581017669345,35
30392,30392,6.677653916893494,0.06889555889238454,6.6796741109212086,0.008181309692050954,35
30393,30393,6.662309629645259,0.06885811873316212,6.664319566649553,0.008164811317779228,35
30394,30394,6.647332543835588,0.0686798874583493,6.649392960048014,0.008227808945371855,35
30395,30395,6.633108396809656,0.06866871412159913,6.635148225710783,0.008142407661041113,35
30396,30396,6.619259363783213,0.0684776923950524,6.62130695871636,0.008214867524763645,35
30397,30397,6.605810501199191,0.06842991609699109,6.607867473982327,0.00821316400296284,35
30398,30398,6.592716971212345,0.06834415013885524,6.5947339416041295,0.008190859872103705,35
30399,30399,6.579844187022463,0.06824458284488573,6.581894492740371,0.008184246567577881,35
30400,30400,6.5672860736583205,0.06818730757539226,6.56934114156568,0.008169144077903643,35
30401,30401,6.555004973191072,0.06805252953239478,6.557091618077681,0.008173215682687886,35
30402,30402,6.542970041285986,0.0679575769593907,6.545070606418671,0.008156501684574543,35
30403,30403,6.531152191955211,0.06786107818939803,6.5332334152722975,0.00817083260973202,35
30404,30404,6.519652969730644,0.0677277964895333,6.521691919458336,0.00818680346626684,35
30405,30405,6.508555676295374,0.06763113918470695,6.5105179914052,0.008200199120187721,35
30406,30406,6.49780001500456,0.06754797238345912,6.499693827850808,0.008202000791774163,35
30407,30407,6.48728685905326,0.06743861704709082,6.489138398310112,0.008172867363609513,35
30408,30408,6.4770767981441235,0.06740142296989451,6.47889067947212,0.008131341956303164,35
30409,30409,6.467198258884928,0.06733240514014183,6.468977486126644,0.008091844828715049,35
30410,30410,6.457586035912475,0.06724519863152678,6.459350976585853,0.00807716437381216,35
30411,30411,6.4482811573204675,0.06714195722516117,6.450035035061437,0.008069236778827734,35
30412,30412,6.439209626011343,0.06703039860632813,6.441011638497951,0.008068994463624786,35
30413,30413,6.430490130399004,0.06696858786771401,6.432289871687567,0.00803918125723238,35
30414,30414,6.4220602491694745,0.06686887885582314,6.4238475355010225,0.008024962021115245,35
30415,30415,6.4138936071196655,0.06678249312195357,6.4156800875422295,0.008014352790893126,35
30416,30416,6.405982658010911,0.06668539633143729,6.4077541192206064,0.008020127535803665,35
30417,30417,6.398255236356987,0.0665614389192332,6.4000318260783935,0.008032228694461364,35
30418,30418,6.390741820170349,0.06646935769063407,6.392520974147612,0.008041509602737574,35
30419,30419,6.383385556235449,0.0663267944454019,6.385169252608801,0.008055991833289717,35
30420,30420,6.376290260282227,0.06625535021086974,6.378034686908755,0.008053067421631643,35
30421,30421,6.369356878770188,0.06616673666244123,6.371077421185032,0.0080306873756868,35
30422,30422,6.362623435950457,0.06610747488075125,6.364287784529831,0.008033325012848562,35
30423,30423,6.355984650804032,0.06602157951913143,6.357653908101759,0.008030501351964642,35
30424,30424,6.349484335473827,0.06594740982716492,6.351157695580922,0.00802664872506777,35
30425,30425,6.343144615824653,0.06589866227709458,6.344810942544258,0.008015330919956619,35
30426,30426,6.33694299966943,0.06582952674572874,6.338604197877324,0.00799128968079023,35
30427,30427,6.330913408449912,0.0657707959845482,6.332573434426557,0.007962871740485256,35
30428,30428,6.325070128734435,0.0656905812300516,6.326713816738057,0.007979097864759114,35
30429,30429,6.3193731581316515,0.06564002588876508,6.320993548039207,0.007953722843667532,35
30430,30430,6.313836197094274,0.06559383884189747,6.31541563217259,0.007920754871790241,35
30431,30431,6.308447156987553,0.06552833014605063,6.309979849344839,0.007888157318562357,35
30432,30432,6.303174534096688,0.06545915418905959,6.304669788318481,0.007861874072263679,35
30433,30433,6.298007558547089,0.0654038940183002,6.29949533979467,0.007846889971079166,35
30434,30434,6.293010116941789,0.0653582458283253,6.294467346912461,0.007834677366752594,35
30435,30435,6.288122352222668,0.06530007660712107,6.289563757071486,0.007825721560531818,35
30436,30436,6.283328878854589,0.0652320914827891,6.284770650025672,0.00782374135110582,35
30437,30437,6.278668014146486,0.0651850080762592,6.280101726227738,0.007821707744487833,35
30438,30438,6.2741190242581535,0.06510279084492461,6.275547534563238,0.007816700128724279,35
30439,30439,6.26969158009739,0.0650616048853643,6.271135256144249,0.007805082369481909,35
30440,30440,6.265436746987952,0.06501676446359089,6.266857417996564,0.0077934345253636425,35
30441,30441,6.261268439197536,0.06495394677440053,6.262699440494024,0.0077833305034542355,35
30442,30442,6.257218306969851,0.064869783887302,6.258656195124925,0.007794860444907105,35
30443,30443,6.253277631834988,0.06482543373864089,6.254717351601385,0.0077870085330569,35
30444,30444,6.24944465544607,0.0647544519026781,6.250887598848402,0.007781665554715871,35
30445,30445,6.245677104213701,0.06465155040141568,6.24713111054844,0.007801690860210338,35
30446,30446,6.242027948337424,0.06457652206002004,6.243471844177645,0.007796230828227691,35
30447,30447,6.238440554395048,0.06454580208913964,6.239876317880981,0.007795197066669181,35
30448,30448,6.234904958420959,0.06446205401821968,6.2363649724408425,0.007798031753185562,35
30449,30449,6.231494424868183,0.06439838702682751,6.2329281369494325,0.0077901278655487126,35
30450,30450,6.228149316471961,0.06435515828377149,6.229573577438768,0.007775966969951817,35
30451,30451,6.224885897940859,0.0642823218379059,6.226295066430343,0.007776596812381151,35
30452,30452,6.22166563217259,0.06423740293740471,6.223077291653477,0.007764459166213058,35
30453,30453,6.2185446397381705,0.0641775984134999,6.219940474097205,0.007765327441267278,35
30454,30454,6.215509513242698,0.06410501284635173,6.2168843207037146,0.007770482936417587,35
30455,30455,6.21256611384241,0.06401977293002496,6.213897915069501,0.007774282833878435,35
30456,30456,6.209678248897518,0.06395118790015741,6.210979132525432,0.007771312482109821,35
30457,30457,6.206842987829895,0.06387063888507492,6.2081151517922235,0.007785618982097418,35
30458,30458,6.204089123569585,0.0638124786575426,6.205321138611656,0.0077853649587283965,35
30459,30459,6.201394090665053,0.06375334178859803,6.202597752363805,0.0077967549786365845,35
30460,30460,6.198761698867859,0.06370431251144933,6.199936567636571,0.007796418792046213,35
30461,30461,6.196180372394422,0.06367956407116747,6.197313187367097,0.0077904516261636456,35
30462,30462,6.193686157355634,0.0636275514561215,6.19477054452486,0.007793633790702364,35
30463,30463,6.191227841898828,0.063610256228196,6.192271567296624,0.007759822151913288,35
30464,30464,6.188842864159497,0.06355550527774287,6.189837209315956,0.007751414954082663,35
30465,30465,6.186499134307223,0.06351411544558352,6.187448641618429,0.007758764090457686,35
30466,30466,6.184205663869723,0.06346295832532052,6.185099929783348,0.007752450314096476,35
30467,30467,6.181946334667332,0.06342662852540884,6.182788436290402,0.007730498236456145,35
30468,30468,6.179748401076576,0.06341003426348261,6.180541635309481,0.007709653662939456,35
30469,30469,6.177611057188474,0.06339249088097701,6.178334030810926,0.0076916761855839325,35
30470,30470,6.175502652759316,0.06336892441192331,6.1761726561822305,0.007663380856102248,35
30471,30471,6.173404798411394,0.06334439852930672,6.174038609194512,0.007643645925237948,35
30472,30472,6.1713483384794285,0.0632980561861658,6.17195042575439,0.007628660867986306,35
30473,30473,6.1693356174259195,0.06324422491373648,6.1698900095419615,0.007624755831692494,35
30474,30474,6.167363997730559,0.06320433364939003,6.167887179189613,0.007622474461826762,35
30475,30475,6.165448498606218,0.06315024978050612,6.165934095400868,0.007631791794169106,35
30476,30476,6.163569558443933,0.06310117137362155,6.164004895823809,0.0076255395575517155,35
30477,30477,6.161732085962062,0.06307931059022262,6.16213210987558,0.007613367907324084,35
30478,30478,6.159929560624285,0.06300315719650604,6.1602801310320086,0.007627427652315134,35
30479,30479,6.158193046558682,0.06296530293446607,6.158480463007899,0.007628028783621981,35
30480,30480,6.156448473403244,0.06293140340256573,6.156716035185694,0.00763881190039498,35
30481,30481,6.1547567239184415,0.06289108019968033,6.154984722896256,0.007647052600516278,35
30482,30482,6.153094280214846,0.06285917466126606,6.1533033769637795,0.007638546738498067,35
30483,30483,6.15147975146353,0.06279063536567528,6.1516582236711015,0.007639827369186594,35
30484,30484,6.1499137970445705,0.06274361802527177,6.150047504671341,0.007639437350697559,35
30485,30485,6.148366671590037,0.06269874229627888,6.148455175049293,0.007639482382850666,35
30486,30486,6.146854420015145,0.06265573451232688,6.146912591990848,0.007629191164512608,35
30487,30487,6.145366785296469,0.06260689629496359,6.145395285168696,0.00763487979734132,35
30488,30488,6.143885304791848,0.06258369065418781,6.143899078509016,0.007621904262626859,35
30489,30489,6.142453277793018,0.06254648143800005,6.14243569432429,0.007611296493489902,35
30490,30490,6.1410301157930025,0.06254161136527871,6.140979709849322,0.0075966391462801205,35
30491,30491,6.139655161803079,0.06250369109004955,6.139549221404005,0.007593957891926835,35
30492,30492,6.138309367065459,0.062455255610307764,6.138163497539487,0.007588784605469415,35
30493,30493,6.136980496416488,0.062418442199323326,6.136798507515175,0.007592206242374899,35
30494,30494,6.135684155184661,0.0623771045882297,6.13545696211583,0.00757982057563663,35
30495,30495,6.134420416634431,0.062342615831345274,6.134140106837156,0.007570805836678316,35
30496,30496,6.133178364362293,0.062307491214296275,6.132861422338508,0.007575949815636828,35
30497,30497,6.13199492365258,0.062289184350471184,6.131610212009742,0.007571762176708663,35
30498,30498,6.130816245132309,0.06224417823970376,6.130383178950478,0.0075674823358385344,35
30499,30499,6.129657934129982,0.062228709959383226,6.129156438949024,0.007560469333499851,35
30500,30500,6.128501381474526,0.06217943220010904,6.12796772319869,0.007583914384026741,35
30501,30501,6.127371277286612,0.06215196344915783,6.126801206577622,0.007578544285316781,35
30502,30502,6.126289674166603,0.062096010386886474,6.125641576815141,0.007612600290894434,35
30503,30503,6.125198253609886,0.06209114587000545,6.12450546494208,0.007612534488743158,35
30504,30504,6.12413079052931,0.06207776545021696,6.123398145999057,0.007607272723280098,35
30505,30505,6.123093146081114,0.06206236825642585,6.122299032674773,0.007612807958223923,35
30506,30506,6.122052717583702,0.06202970079906096,6.1211948641032325,0.0076339903058803655,35
30507,30507,6.121022033258544,0.06201504840253549,6.120133188914442,0.007628804838671546,35
30508,30508,6.1200128154181215,0.06196197599036369,6.1190675574451925,0.007653379308003029,35
30509,30509,6.119034368647971,0.061940929766502575,6.1180324039884,0.007663513045200891,35
30510,30510,6.118101345838696,0.06190428861072835,6.117002672101131,0.007691210491242781,35
30511,30511,6.11715352360991,0.061885872090296584,6.116009425911468,0.007702028245307747,35
30512,30512,6.116228999477185,0.06186782139703888,6.115021967613593,0.007713762843611223,35
30513,30513,6.115344624264719,0.0618112726017363,6.114053265015697,0.007741178300552535,35
30514,30514,6.1144368044272825,0.06181097034978793,6.113103244853318,0.007717783645804816,35
30515,30515,6.113548692727712,0.061797829640945164,6.112173518944429,0.007695289188174559,35
30516,30516,6.112668640117973,0.06180391937643709,6.1112651862558245,0.00768467556522693,35
30517,30517,6.111824267296858,0.06179423595761019,6.1103643265414265,0.0076988322391332575,35
30518,30518,6.110983924020659,0.061775370330091076,6.109455407737196,0.0077166605528902876,35
30519,30519,6.110155376321398,0.06175527536962059,6.108586857646582,0.007718719764100501,35
30520,30520,6.109351665271713,0.06175257862959626,6.1077191134649516,0.0077245357053158095,35
30521,30521,6.1085580647165445,0.0617542291964285,6.106856937381751,0.0077266024298750565,35
30522,30522,6.107771204491054,0.061729842715528525,6.106017400014535,0.0077177106007470814,35
30523,30523,6.106997238809295,0.06171422757366924,6.105197277727373,0.007726561049626117,35
30524,30524,6.106240123951732,0.06169149281850655,6.104382503745278,0.0077345300344217145,35
30525,30525,6.105463154427398,0.061673998673903135,6.1035753492663005,0.007727680576613033,35
30526,30526,6.104736444317844,0.061686923995856666,6.102776620199419,0.007722575297005962,35
30527,30527,6.103995374375494,0.061689041967712875,6.101993276667675,0.007720803799865746,35
30528,30528,6.103286320999117,0.0616876634629561,6.1012267106956735,0.00772869373242607,35
30529,30529,6.102568915475095,0.06169831065780701,6.1004783143080195,0.007709963499078361,35
30530,30530,6.101884039368215,0.06168898973435594,6.0997497725871375,0.007720887433692084,35
30531,30531,6.101200701814848,0.061693878388710426,6.099017201321338,0.007725018585323227,35
30532,30532,6.100500806495099,0.06170008972296095,6.098281992535231,0.0077121197666988675,35
30533,30533,6.099865750216278,0.06170396731398298,6.097579532959625,0.007713793348467016,35
30534,30534,6.099231133524173,0.06170476019359561,6.096874875450429,0.007708699627449482,35
30535,30535,6.098602377988311,0.06169064471407944,6.0961998167802545,0.0077084533221574904,35
30536,30536,6.097974062039167,0.061666328864547724,6.095515087202282,0.007731371971976547,35
30537,30537,6.097346332205647,0.06165443527454855,6.09486039605005,0.007734762872698099,35
30538,30538,6.096740142121316,0.06166975242075873,6.094214057045461,0.007731838972778069,35
30539,30539,6.096111093527642,0.061645620334722165,6.093560464860024,0.007748940918486585,35
30540,30540,6.095536846744832,0.06160886834640743,6.092914565442153,0.007770175390703958,35
30541,30541,6.094972197605367,0.06160037847439865,6.0923020013504114,0.007779648428073456,35
30542,30542,6.094396265740135,0.061595305342864816,6.091647163669273,0.007779170805254125,35
30543,30543,6.093859530357273,0.061604895577205415,6.091046321890013,0.0077794625103868266,35
30544,30544,6.093294441631089,0.061623745977046875,6.090454271845116,0.007764107884031802,35
30545,30545,6.092767084098214,0.061589928201936366,6.0898700610966925,0.00777865756176125,35
30546,30546,6.092240312680963,0.061561119968017664,6.089280428778746,0.0077874296820379454,35
30547,30547,6.091707680107472,0.06156427485138539,6.088694239890093,0.007787061424234138,35
30548,30548,6.09119329038278,0.061570489433938176,6.08812314347876,0.007770839300105655,35
30549,30549,6.0906938466065075,0.0615385223589038,6.087576224336928,0.00778403698322818,35
30550,30550,6.090173302667763,0.06154226385118331,6.0869879840435885,0.007778234239938176,35
30551,30551,6.089663601868067,0.06153617241158805,6.086414323376402,0.007784127276391291,35
30552,30552,6.089173169619517,0.06151876563183644,6.085864693449807,0.00778629695689412,35
30553,30553,6.088725010960362,0.06151556547051156,6.085330082736081,0.007782938610789659,35
30554,30554,6.088280002672688,0.06150180696212155,6.084829979579731,0.007789469254585594,35
30555,30555,6.08780781327294,0.06147706212906751,6.084282547586727,0.007811576434828691,35
30556,30556,6.0873456611032575,0.06149235848092015,6.083746471583942,0.007805306339812225,35
30557,30557,6.086892960048015,0.06151024612922585,6.083236477726433,0.0077912530667843686,35
30558,30558,6.0864572563458745,0.061509725083507626,6.082752346220844,0.007792113728863741,35
30559,30559,6.086010782769137,0.06148102732539585,6.082218614680555,0.00779407145240168,35
30560,30560,6.085544234732274,0.06149581117365047,6.081696898510562,0.00777885363858282,35
30561,30561,6.085110582434819,0.06148097807336901,6.0812187746901225,0.00778917657215212,35
30562,30562,6.084684842698289,0.0615060113045329,6.080726510830245,0.007767829402683619,35
30563,30563,6.084263498828943,0.06152770275246006,6.0802299976320935,0.007749699569904339,35
30564,30564,6.08385563561895,0.06151941862528387,6.079758687405782,0.0077393018256000125,35
30565,30565,6.083471143769474,0.061524135272978925,6.079311114862251,0.0077294147686494,35
30566,30566,6.083093905100847,0.061509768273657325,6.0788294010836115,0.007741185550494508,35
30567,30567,6.082707654904499,0.06151856900623603,6.078366882591663,0.007733174293987073,35
30568,30568,6.0823249946663465,0.061484835651543175,6.077900407819251,0.007752421823787417,35
30569,30569,6.08193053885126,0.06148447236497025,6.077437816062852,0.007738209235751506,35
30570,30570,6.081562238445902,0.061493369172273375,6.0769898039326025,0.007739090486356599,35
30571,30571,6.081170859737843,0.061501453616290634,6.076539667133215,0.0077443277822644985,35
30572,30572,6.0808094461910684,0.06149116184270958,6.076109678058411,0.007745705066448931,35
30573,30573,6.080447006941952,0.0614771324390322,6.075658955143401,0.007744813208250866,35
30574,30574,6.080094018807277,0.06145728045092853,6.075236365778348,0.007746954987525609,35
30575,30575,6.079761911041715,0.06144900655186623,6.074832019262104,0.007740890997993181,35
30576,30576,6.079414271212111,0.06147615179891752,6.0744300904728075,0.007719769628076561,35
30577,30577,6.079080258570768,0.06146065288237601,6.074026916187808,0.007718670760702022,35
30578,30578,6.078676717963508,0.06143186501179102,6.0737971588631225,0.00780189868251136,35
30579,30579,6.078347101189347,0.061430825512400464,6.073389222388679,0.007810569382903862,35
30580,30580,6.07802971957884,0.06141735184919194,6.07299447351578,0.00781967032699702,35
30581,30581,6.077698710780072,0.06138873558864801,6.072592837784296,0.007831662423103947,35
30582,30582,6.077395469209001,0.06138969662358649,6.072196550357883,0.007823072047070985,35
30583,30583,6.077079406358651,0.06138402175804419,6.071796453179911,0.00781869719046489,35
30584,30584,6.076770230366887,0.061375060830567874,6.071412620710514,0.00781620172552997,35
30585,30585,6.0764326277673435,0.06139031461838919,6.071015966961834,0.007811501114347414,35
30586,30586,6.076135247352514,0.06140359801299342,6.070638142177584,0.007799036841439581,35
30587,30587,6.075844460738457,0.06139252912370555,6.070279219622213,0.007801835137163028,35
30588,30588,6.075513525204143,0.06139320141950382,6.069899489962183,0.007812109654678802,35
30589,30589,6.075232995613511,0.061390932227778514,6.069541226786892,0.00781119277471717,35
30590,30590,6.07492176821706,0.06138829027246793,6.06915468353273,0.0077918237443294425,35
30591,30591,6.074645634493607,0.06138319916567867,6.068794735275016,0.007792639111669472,35
30592,30592,6.074353309326037,0.0614036006732814,6.068407239582967,0.007783527017272195,35
30593,30593,6.074045671887784,0.0614003121661453,6.068028608889732,0.007783385624554852,35
30594,30594,6.073757449529584,0.061400769453677215,6.067659209517579,0.0077700599052095845,35
30595,30595,6.07347860502137,0.06142909834466311,6.067298894937602,0.0077706606505430625,35
30596,30596,6.0731986615463605,0.06144676812368718,6.0669268580451385,0.007774836386788003,35
30597,30597,6.072927436541263,0.06143359044979261,6.0665664702007085,0.00779296195200135,35
30598,30598,6.072659801494361,0.061446518798842935,6.0662231529738335,0.007802089785255545,35
30599,30599,6.072375535416622,0.06144842610830896,6.06586877281455,0.007807687259035228,35
30600,30600,6.072122260202517,0.061452394588417475,6.065526847612282,0.007803378128119921,35
30601,30601,6.071841877140787,0.061474486545514025,6.065180892865097,0.007800617262914477,35
30602,30602,6.071588089075508,0.06146331592598288,6.064867101212792,0.007811008333784205,35
30603,30603,6.0713327624567155,0.061457062319530624,6.06452173258123,0.007833465174355769,35
30604,30604,6.0710652006742665,0.061458631580469415,6.064176510478576,0.007807406177586491,35
30605,30605,6.070800862527753,0.061464746148929224,6.063832094284903,0.007803052459153185,35
30606,30606,6.070538062934752,0.06145857342034197,6.063484527719753,0.007796845435089594,35
30607,30607,6.070293579455007,0.061471739015091585,6.063167878753778,0.007809765132906999,35
30608,30608,6.07002924130849,0.06148579818273162,6.062827638633928,0.007804886129917231,35
30609,30609,6.069755085725273,0.061489044047252674,6.0624746504992535,0.007796433097017064,35
30610,30610,6.06951770889747,0.06147977461060816,6.0621552174840625,0.0078025681628393065,35
30611,30611,6.069270148310697,0.06147468749178511,6.061822450338423,0.007794225053609813,35
30612,30612,6.069013722725109,0.0614690660387285,6.061499793687299,0.007805064137679472,35
30613,30613,6.068758103048505,0.06145931200500763,6.061166880012754,0.007809125985237453,35
30614,30614,6.0685246825011685,0.061471902661221836,6.0608646641440265,0.007806193971729793,35
30615,30615,6.068302911001859,0.061472033251400576,6.060545670715553,0.0078100095900162855,35
30616,30616,6.068061724422502,0.06146125266419807,6.060221768568728,0.007812637043464292,35
30617,30617,6.067820977429858,0.06148052547467672,6.059907317536345,0.007809542057503565,35
30618,30618,6.067589461758299,0.061479380566008636,6.0595905953059175,0.007813099584967209,35
30619,30619,6.067369009019147,0.0614793514865334,6.059299662162952,0.007810428770441186,35
30620,30620,6.0671580806588885,0.06147930359776683,6.058996054269617,0.007795250659900731,35
30621,30621,6.066944514778318,0.061480670477044475,6.058676767783336,0.00778479550571137,35
30622,30622,6.066764430752784,0.061505001207954164,6.058383343648968,0.0077722899999291785,35
30623,30623,6.066555627061662,0.06151472242728215,6.058088087903276,0.007761924864626926,35
30624,30624,6.0663434532057,0.06151899763261616,6.057776933771279,0.007739964457323295,35
30625,30625,6.066150108314166,0.06151993564189296,6.057489956908777,0.007742180099570928,35
30626,30626,6.065935370202349,0.061536913734079775,6.057179388892405,0.007722559225644759,35
30627,30627,6.065726419982322,0.061552944487063777,6.056882521328747,0.007727946988016925,35
30628,30628,6.065534833437662,0.06156717077761905,6.056593566326016,0.007722811395080161,35
30629,30629,6.06532046164811,0.061567298802931124,6.056308860661561,0.007703889368368537,35
30630,30630,6.065138912333514,0.061587153132321076,6.056010894131108,0.00767254658411801,35
30631,30631,6.064938827112303,0.06158071537669081,6.055724137061968,0.007667474546767677,35
30632,30632,6.064752369079352,0.06158575849329024,6.055447343958438,0.00766692237873792,35
30633,30633,6.064587157737781,0.061565416394689626,6.05517809709357,0.00768246659398137,35
30634,30634,6.064369195990031,0.0615491297202793,6.054899179320903,0.007688313098101419,35
30635,30635,6.064168964239916,0.061522184882600174,6.054624144564247,0.007705800056895652,35
30636,30636,6.063951588607787,0.0615411813693886,6.054332991627924,0.0076827743228142795,35
30637,30637,6.063764984045934,0.06151725529711979,6.05405268183065,0.0076867328517870905,35
30638,30638,6.063599040059831,0.06150561399612981,6.05379596318725,0.0076822630381196706,35
30639,30639,6.0634110434733675,0.06150566451743712,6.0535356545856525,0.007683365769325309,35
30640,30640,6.0632303000677545,0.06149926123535489,6.053262158382507,0.007675048528584684,35
30641,30641,6.0630447944726935,0.061520881065604716,6.052978624949301,0.007661352811851053,35
30642,30642,6.062866981645203,0.06150784641557505,6.0527079860598265,0.007671568850479119,35
30643,30643,6.062672244729062,0.06150874508848881,6.052436834319179,0.00767786316384688,35
30644,30644,6.062502784049214,0.0614975830400791,6.052154106794956,0.00768357991133351,35
30645,30645,6.062337645972098,0.061515903315801215,6.051882149145326,0.007665794884413693,35
30646,30646,6.062163349838348,0.061529624510096234,6.051619276287871,0.007654945370137444,35
30647,30647,6.0619733018472015,0.06154108083464945,6.051344534589028,0.007652002459809516,35
30648,30648,6.061784938938473,0.0615470000999676,6.051070598799165,0.007615194729107455,35
30649,30649,6.061604488590673,0.061553631284220735,6.050804209247969,0.007606856020948883,35
30650,30650,6.061428946961224,0.06155129581959235,6.05051972337687,0.007622349023817258,35
30651,30651,6.0612912097895375,0.06157697197311907,6.050283665309223,0.007596875337226704,35
30652,30652,6.06112226196086,0.061563384949022464,6.050016469849041,0.0076081018305776465,35
30653,30653,6.060963790948968,0.06155475239849351,6.049775063476321,0.0076013866385492125,35
30654,30654,6.060798213285131,0.061527214696339635,6.0495049374380185,0.007615267943907298,35
30655,30655,6.060638716570896,0.06152229630146407,6.049264849825455,0.007617369303537848,35
30656,30656,6.060496730060931,0.061542736762973026,6.049032748038272,0.007589229701919411,35
30657,30657,6.060363242227521,0.06154585145978659,6.048800426457727,0.007593788398447544,35
30658,30658,6.060193561754314,0.061550477376571475,6.048556895415873,0.0075813484400956204,35
30659,30659,6.0600419043365505,0.06154567085325643,6.048298491690053,0.0075954363101615845,35
30660,30660,6.059869073491867,0.061531283565392336,6.048063386060297,0.007600588815405694,35
30661,30661,6.0597105292155184,0.0615046860247002,6.047805055598928,0.007586878917063844,35
30662,30662,6.059545317873948,0.0614901331473882,6.047549435922325,0.0075765436466528014,35
30663,30663,6.059389118060098,0.06147937860293976,6.047312425416787,0.007581654875425698,35
30664,30664,6.059243468327483,0.06147052139713278,6.047058417558148,0.007584951290889005,35
30665,30665,6.059085583431215,0.06148364473833246,6.04680807292216,0.0075859897165280795,35
30666,30666,6.058941325723207,0.061482134417351834,6.046573992994746,0.007587009203654283,35
30667,30667,6.058786298140607,0.061470433823091225,6.046327238316957,0.0076045637503713535,35
30668,30668,6.05864057514354,0.06146542492954416,6.046076820416516,0.007620931080676842,35
30669,30669,6.0584830565695365,0.0614588512558776,6.0458338022258316,0.0076025083971667405,35
30670,30670,6.058345246133396,0.06144726861699953,6.045597524364827,0.007589429309735066,35
30671,30671,6.058185969212518,0.06144489163403245,6.04535494576086,0.007583987722446402,35
30672,30672,6.0580532872880895,0.061450791304114474,6.045140207649045,0.007575414292680895,35
30673,30673,6.057928664453494,0.061459284407537576,6.044926055652852,0.00756639157773393,35
30674,30674,6.057796055793519,0.061465828286351325,6.044680326677404,0.007555985938862438,35
30675,30675,6.057658758208549,0.061462893906491824,6.044458188855832,0.00757155219287185,35
30676,30676,6.057503510832587,0.061479189885185866,6.044229457233487,0.007560608858470617,35
30677,30677,6.057357055190993,0.06149110253058771,6.0439996999088015,0.0075515557569007545,35
30678,30678,6.05719404178301,0.06148190783976092,6.043760637998577,0.007551841098037298,35
30679,30679,6.057057110520308,0.06148219637861019,6.043522968112966,0.00757288886099615,35
30680,30680,6.056917908059559,0.06149088629734581,6.043296507688664,0.007573903873526785,35
30681,30681,6.056777533367562,0.06147280604136511,6.043050265862048,0.007570758106039417,35
30682,30682,6.056669101977086,0.06146794554570398,6.0428387513861646,0.0075763066688348535,35
30683,30683,6.056531145012039,0.06145737438288635,6.042616686829045,0.007588150685213625,35
30684,30684,6.056429527215692,0.06145420695709854,6.04240927516253,0.007582788403828633,35
30685,30685,6.0563089339260125,0.061438027533970124,6.042200691264767,0.007591523004039753,35
30686,30686,6.056158082417236,0.06143189987027951,6.041964266874856,0.0075968038759598,35
30687,30687,6.056044742308406,0.06143252508362133,6.041757441323964,0.007586541979606365,35
30688,30688,6.0558858317097926,0.061431683988165064,6.041520577347334,0.007574334991666582,35
30689,30689,6.055772931187682,0.061429839252691514,6.041305033326535,0.0075875313001893575,35
30690,30690,6.055652484426908,0.061442968895982275,6.0411108825260165,0.007576685722509388,35
30691,30691,6.055523026138411,0.06144588451463494,6.040880319292348,0.007585240368919405,35
30692,30692,6.055409173178412,0.061440088096699624,6.04066023287546,0.007564187939264969,35
30693,30693,6.055288726417638,0.06141804791072194,6.040448278812858,0.007570822903373883,35
30694,30694,6.055144541974085,0.06142232785045036,6.040202403308505,0.007596841827992994,35
30695,30695,6.055003507902012,0.061414229566066486,6.0399820238338044,0.007615266279473934,35
30696,30696,6.054898959527545,0.06140180477127416,6.0397711687380005,0.007605937458007347,35
30697,30697,6.054774336692947,0.06139424383479465,6.039564269922656,0.007597368385036085,35
30698,30698,6.054665905302469,0.06140260817392675,6.039383306723684,0.00760339414815713,35
30699,30699,6.054531538295622,0.061405795251760174,6.039173623859127,0.0075811041082864345,35
30700,30700,6.054412117237192,0.061421399550376385,6.0389675309527675,0.007585541958957334,35
30701,30701,6.054291523947513,0.06142934428253076,6.038755210567897,0.0075571017882054186,35
30702,30702,6.054161919130112,0.061413421869360364,6.038529482788127,0.007572213517929576,35
30703,30703,6.054056711375568,0.0614329418583453,6.038336797276673,0.007555944879757893,35
30704,30704,6.053933334036671,0.06144308339943105,6.038109091356669,0.0075531166998553875,35
30705,30705,6.053837504132114,0.061463765119120925,6.037906954730773,0.0075561300667326935,35
30706,30706,6.053726508485783,0.061454293533416735,6.037716906739626,0.007550502487300196,35
30707,30707,6.053602178708999,0.06147556295588288,6.03750993465983,0.007521421499212287,35
30708,30708,6.053498802565779,0.06149894943010556,6.037293438201141,0.007510492532980908,35
30709,30709,6.053379454771801,0.061501534210933025,6.037092766864305,0.007495225494344798,35
30710,30710,6.053273294579369,0.06149193589830668,6.0368940736677015,0.0074960313616487285,35
30711,30711,6.0531795160794974,0.06149432231244096,6.036707176048035,0.007489542997471838,35
30712,30712,6.053085957372983,0.061507731470332075,6.0365062116533865,0.00748224099773225,35
30713,30713,6.052972177677435,0.061506253171252925,6.036291327012662,0.007485221502849009,35
30714,30714,6.052830044638567,0.06152000825235241,6.036057613407513,0.007470133718738014,35
30715,30715,6.052727181346518,0.061492599556221834,6.035842875295696,0.007497725123392166,35
30716,30716,6.0526278347482165,0.06149708520332026,6.035655538089308,0.0075082832141232,35
30717,30717,6.0525124432347015,0.06149237562993878,6.03546255952004,0.007500616279376889,35
30718,30718,6.052390384655961,0.06149105657929746,6.035268408719525,0.0075097136395092514,35
30719,30719,6.052310086815448,0.06147877917681745,6.035094771965856,0.007501267526113855,35
30720,30720,6.052214696497607,0.06146836693439301,6.0349077278172825,0.007505737529849942,35
30721,30721,6.0521291236164725,0.06146566142296045,6.034726837882763,0.0075047011629453,35
30722,30722,6.052026480117786,0.06146268510596479,6.034542944105669,0.007517556026567427,35
30723,30723,6.051936145047206,0.061445779707885964,6.034344690495782,0.007525292367201844,35
30724,30724,6.051823097996187,0.061411158085898136,6.034146363621446,0.0075473843394446094,35
30725,30725,6.051729392760769,0.061380826518650275,6.033943201293206,0.0075885998700175265,35
30726,30726,6.051631877773792,0.06137483935855224,6.033755058177839,0.007597032246643958,35
30727,30727,6.0515441802235195,0.06136856670645465,6.033567354649187,0.007588169099176385,35
30728,30728,6.051444833625219,0.0613615993116919,6.033378918476008,0.007583335012971829,35
30729,30729,6.051329661905062,0.06135181226115055,6.0331553153653745,0.007601433133808847,35
30730,30730,6.051250316502437,0.06136271690450211,6.032973546257418,0.007591621728480634,35
30731,30731,6.051147013623673,0.06136709592986254,6.032784597233065,0.0075783082680896535,35
30732,30732,6.051050011487867,0.06136995658482455,6.032607150727839,0.007577182086796084,35
30733,30733,6.050953375674328,0.0613655623395019,6.0324188610835625,0.007601897111179045,35
30734,30734,6.0508516113490725,0.061360019148358015,6.032226175572107,0.0076075517279434145,35
30735,30735,6.050733655579702,0.061340795776853176,6.03201092460912,0.00762244827352406,35
30736,30736,6.050615333488067,0.06136024291787647,6.031813183850403,0.007616894423493797,35
30737,30737,6.050522727219444,0.061367900407914976,6.031630022717843,0.007603875762354344,35
30738,30738,6.050412830539908,0.0613789156359751,6.031427006918509,0.0076002484264786575,35
30739,30739,6.050326671543147,0.061378982472410235,6.031257839296473,0.007588218327001914,35
30740,30740,6.050226958622581,0.061382196282148936,6.03106251626471,0.007599424352869714,35
30741,30741,6.0501521556160425,0.0613877550435443,6.030889172568852,0.007597489936304397,35
30742,30742,6.050063285834522,0.06140275501071829,6.030695754412865,0.007588298389576365,35
30743,30743,6.0499577850221655,0.061400407502829685,6.030508124148668,0.0076030132498726985,35
30744,30744,6.049855141523478,0.061402423307453234,6.030330531114534,0.0075980495559002156,35
30745,30745,6.0497650995107115,0.0613972326610191,6.0301515460557935,0.007601531929730929,35
30746,30746,6.049683189852227,0.061403176033481575,6.029965307816203,0.007593330394221683,35
30747,30747,6.049571241768006,0.06139731633107505,6.029766834412958,0.007609006969309337,35
30748,30748,6.049475851450168,0.06140375485177089,6.029593417452648,0.00759738102684657,35
30749,30749,6.049380607661233,0.061410745320220964,6.029423883508347,0.007595419918105766,35
30750,30750,6.049279063129343,0.061409561928789325,6.029233249401576,0.007581008570875855,35
30751,30751,6.049186017274,0.06141271524925905,6.029067745002192,0.007576340091950621,35
30752,30752,6.049119493150653,0.06140152397887635,6.028916234113336,0.007584921669857153,35
30753,30753,6.049033920269519,0.0614090483564528,6.0287358570299885,0.007581843865939754,35
30754,30754,6.048940581356366,0.06141189879128513,6.028547420856807,0.007568468569927848,35
30755,30755,6.048857352937727,0.06140438592109496,6.028389023109368,0.0075679454471434815,35
30756,30756,6.048755954934743,0.061419472958062375,6.0281899635904965,0.007573729658452308,35
30757,30757,6.048668403913378,0.061425000311225865,6.028030979727433,0.007568118608085566,35
30758,30758,6.048575284793582,0.061424005371916765,6.027849210619477,0.007561729148518046,35
30759,30759,6.0484914702593215,0.06142697949781119,6.02765601225685,0.007550635323373494,35
30760,30760,6.0483803280840815,0.061437735873815374,6.027479298396154,0.007537603701862026,35
30761,30761,6.048288307931082,0.06144412938863762,6.027306833873732,0.00752433287923436,35
30762,30762,6.048224055005778,0.0614366486920039,6.027120522369688,0.0075518405582905845,35
30763,30763,6.048130862621531,0.061428229701161935,6.026949083549612,0.0075621224793028735,35
30764,30764,6.0480219916443385,0.06142517907860055,6.0267735419201625,0.007561873360974877,35
30765,30765,6.047912827609327,0.0613965958653357,6.026605033678204,0.007573851103537674,35
30766,30766,6.047815825473522,0.061401955462988586,6.026436305642887,0.0075641831182106465,35
30767,30767,6.047732010939263,0.06140623778681958,6.026262009509139,0.00757495447438494,35
30768,30768,6.0476579405772535,0.06140985235778727,6.0260937210605405,0.007593627677289736,35
30769,30769,6.047558374185593,0.061395244432037185,6.02592755728108,0.007605413518126381,35
30770,30770,6.0474755853536735,0.06140324611983983,6.025766228955518,0.007612267726914025,35
30771,30771,6.0474047386275975,0.06138900583225531,6.02558438658311,0.007620237850418406,35
30772,30772,6.047331767232387,0.061382120839677735,6.025427234331371,0.007623361581104245,35
30773,30773,6.047249637780544,0.06138972883450655,6.025233816175383,0.00766209933330473,35
30774,30774,6.047169926055652,0.061387337647449525,6.025058714132656,0.007644915403166864,35
30775,30775,6.0470966616026285,0.06137632684462504,6.024886469403592,0.007653177013417005,35
30776,30776,6.047026840578897,0.06137288905364261,6.024707850667117,0.007677573689390258,35
30777,30777,6.04695936401766,0.06137342608880634,6.024559636678648,0.007691461613421949,35
30778,30778,6.046900019810709,0.06137880924207832,6.0243977222374605,0.007699969441978379,35
30779,30779,6.046812102467077,0.06137770538304239,6.024231851515813,0.007708104143448884,35
30780,30780,6.046750047475366,0.061363894503716127,6.024072281537124,0.007727087976118506,35
30781,30781,6.0466746583532025,0.06137845019253986,6.023906264286567,0.007734967198549499,35
30782,30782,6.046605936296267,0.06139421415936736,6.023713725304017,0.007716215779400294,35
30783,30783,6.046506150111243,0.0613758944447913,6.023545143797607,0.007715624244802067,35
30784,30784,6.046423507808233,0.0613736338573397,6.02337788105135,0.007718203908265797,35
30785,30785,6.0463273848458625,0.06137130272548216,6.023201020661747,0.007738387755039383,35
30786,30786,6.0462271590741254,0.061353821597396024,6.023030754072917,0.007748039385822742,35
30787,30787,6.046150011605088,0.06134734967269299,6.022869938598528,0.00776990500324967,35
30788,30788,6.046060189385681,0.061372844950506975,6.022682235069878,0.007746872121524084,35
30789,30789,6.045981649892037,0.061385740764816024,6.022497535383799,0.0077282318095904315,35
30790,30790,6.045902670811675,0.06139542206889105,6.022318037473888,0.007752812319471972,35
30791,30791,6.045848455116437,0.061403962046719086,6.022150701463178,0.007734972136435357,35
30792,30792,6.045780392439577,0.061422088733914276,6.021994208591517,0.007753873385376813,35
30793,30793,6.045693793856101,0.06140797905359643,6.021828704192133,0.00775483846591161,35
30794,30794,6.045617012709331,0.061420893143955935,6.02164187983692,0.007730763752457356,35
30795,30795,6.045540671149279,0.06141843824652616,6.021494325228527,0.007739350597715919,35
30796,30796,6.045474659877104,0.06141647103030892,6.021334755249836,0.007707823150286809,35
30797,30797,6.045406743729148,0.06141203766818103,6.0211667598590495,0.007699356894744319,35
30798,30798,6.045328717086678,0.061420685702326186,6.02099817835264,0.007684869748806206,35
30799,30799,6.045266442301607,0.06142797269860456,6.020832673953258,0.007678056269213004,35
30800,30800,6.045195522311077,0.06144496247681438,6.020651710754284,0.007649522680142132,35
30801,30801,6.045118301577588,0.06143754436834663,6.020488184495132,0.007651265995401586,35
30802,30802,6.045049286462839,0.0614429320929068,6.02033359649925,0.007673164893305532,35
30803,30803,6.044974043869583,0.061454208052036566,6.020163696232682,0.007651604446227406,35
30804,30804,6.04489022933532,0.06144085662008194,6.019996580015332,0.00763857213323888,35
30805,30805,6.044837625458048,0.06145581844768525,6.019861773421768,0.0076110085463385714,35
30806,30806,6.044766998525332,0.06146137771826031,6.019710995177442,0.007606677130570509,35
30807,30807,6.044686627420363,0.06145771482182556,6.019547542182742,0.0075976783342252925,35
30808,30808,6.044616733132178,0.06146872734353018,6.019393613566938,0.007576183936014378,35
30809,30809,6.044558194834211,0.06145616052438281,6.019218364995299,0.007573146188759206,35
30810,30810,6.0444940884378155,0.0614571453208457,6.019030807995554,0.007564808967363847,35
30811,30811,6.0444480050968625,0.06144658398561665,6.018884938469582,0.00758351621535869,35
30812,30812,6.044373202090322,0.06144677995257465,6.018716650020982,0.0075533024886166485,35
30813,30813,6.044299864372847,0.061443097163869864,6.018563893636426,0.007548346818851105,35
30814,30814,6.0442202991768585,0.061420154157075676,6.018426889109268,0.0075485295059100795,35
30815,30815,6.044160442118738,0.06141946363387683,6.0182691507419035,0.007553595187365594,35
30816,30816,6.0440856391122,0.06140967313102424,6.0180961733683125,0.0075249863265647535,35
30817,30817,6.0440240237072045,0.06139345199768478,6.017904440294746,0.007492480371707155,35
30818,30818,6.043962628095571,0.06138599395531339,6.0177245760625695,0.007508589818140392,35
30819,30819,6.043905115499946,0.06136604898058828,6.01752771447729,0.007492384872082495,35
30820,30820,6.0438297996422365,0.06134997593667479,6.017365873300557,0.007493030931019031,35
30821,30821,6.043783349979018,0.06134561305519165,6.0172058637351515,0.007498045038502161,35
30822,30822,6.0437260571767535,0.06136015085597424,6.017014716777207,0.00752035109332702,35
30823,30823,6.043671475159247,0.061350921625678276,6.016830529942303,0.007518266494052247,35
30824,30824,6.043605537151525,0.06135875428586366,6.016654328932778,0.00749286976603726,35
30825,30825,6.04353688835904,0.061346705296723314,6.016504136804075,0.007497419674649767,35
30826,30826,6.043451755064624,0.06134980446202179,6.0163343830664155,0.007489668825487354,35
30827,30827,6.043395854286968,0.06134987095869838,6.0161672668490676,0.007481891193104253,35
30828,30828,6.04334024656712,0.061341236352043874,6.016008209721547,0.0075002967702239125,35
30829,30829,6.043270791865653,0.061336727125994514,6.015855526601444,0.0074837065210232295,35
30830,30830,6.04321137439425,0.06134255441393983,6.015713540091482,0.007476106082802379,35
30831,30831,6.043145949237697,0.06135202311097709,6.015549134658893,0.00745400130996118,35
30832,30832,6.043079937965523,0.061354778649748476,6.015365900261878,0.007455819273548016,35
30833,30833,6.043002277645316,0.06136235870661603,6.015185596442982,0.007458618609994122,35
30834,30834,6.04293677922431,0.061356534716405724,6.015030715389288,0.007452629020795304,35
30835,30835,6.042869449191983,0.06137155875952555,6.014874735368795,0.007443640884361544,35
30836,30836,6.042806148704568,0.061370825153391664,6.014706373655745,0.007451091773184379,35
30837,30837,6.042747537142148,0.06136526139976992,6.014559624956335,0.007444492486415651,35
30838,30838,6.0426892919019926,0.061351523268353865,6.014397857044054,0.007452241996728783,35
30839,30839,6.042619177820447,0.06134673258259912,6.014229861653267,0.007430977732376174,35
30840,30840,6.042548624152183,0.061342339458937835,6.014039667133213,0.007442360727688411,35
30841,30841,6.042489279945233,0.061348477571728524,6.01385042505105,0.007430847538870456,35
30842,30842,6.042412352269556,0.06135677975495747,6.013680964371204,0.007431210996774099,35
30843,30843,6.04233974719661,0.061368592387061986,6.013504690097225,0.007421056694188003,35
30844,30844,6.04228333356778,0.06137096684397352,6.0133140559904525,0.007401886143964849,35
30845,30845,6.04221241357725,0.06137098218238742,6.013174560471892,0.007399936636117163,35
30846,30846,6.042151677345693,0.06135741753046011,6.013028984003732,0.007401079941445197,35
30847,30847,6.0420849334289874,0.061333376558041636,6.012882235304322,0.007414732548564805,35
30848,30848,6.042020900297043,0.061350434662722275,6.0127233979701655,0.007413965313305282,35
30849,30849,6.041964486668213,0.0613443347630861,6.012574671130524,0.007432320761040184,35
30850,30850,6.0418893906038615,0.061331194686297726,6.012406895533097,0.0074279815418780894,35
30851,30851,6.0418421350316605,0.06132644097660046,6.0122375081177015,0.007423010444148648,35
30852,30852,6.041780666155574,0.06133310449077035,6.012072956156207,0.007387971221637975,35
30853,30853,6.04170234645529,0.06134821832637145,6.01191609696228,0.007377215255689109,35
30854,30854,6.041648790140128,0.06135351295255384,6.0117691284695125,0.007370105002509119,35
30855,30855,6.0415906181644266,0.06135766449249214,6.0115832565521865,0.0073763526757280595,35
30856,30856,6.041518892264914,0.06137717532033745,6.011422880664514,0.007372858104997884,35
30857,30857,6.041442917027129,0.0613933693441241,6.011269098577614,0.007353106274856347,35
30858,30858,6.041364597326844,0.06141682155475173,6.0110970003774575,0.0073436035160287984,35
30859,30859,6.041329943240562,0.06142559013444152,6.010911494782397,0.007312698204423639,35
30860,30860,6.04128144217266,0.0614174834185222,6.010741008400209,0.007312317310946122,35
30861,30861,6.0412189475942295,0.06141048145159146,6.010594332965252,0.007319832374480684,35
30862,30862,6.041160702354075,0.06140730972967745,6.010436667862343,0.007300986820690213,35
30863,30863,6.041101870998294,0.0614035016849438,6.01026515577781,0.007296498414836731,35
30864,30864,6.041057619268668,0.061399878767817474,6.010107490674901,0.007317974853107136,35
30865,30865,6.04099036250079,0.06138808260980622,6.009954734290343,0.007323372586240341,35
30866,30866,6.040939150648128,0.06137847695359362,6.009808791499918,0.00733546870196138,35
30867,30867,6.040876143218526,0.061374146146162635,6.009624751193918,0.0073208008925088565,35
30868,30868,6.040826469919375,0.061386709231804025,6.009473972949593,0.007309989846094395,35
30869,30869,6.040778994553814,0.06137952577717282,6.00933176664627,0.00729259533681435,35
30870,30870,6.040726244147637,0.06137753416915068,6.009149997538314,0.007300014680383981,35
30871,30871,6.040653492545783,0.061361000794364975,6.008978558718237,0.0072837829359064625,35
30872,30872,6.040593855281018,0.061358807736172985,6.008821699524307,0.007272036137299419,35
30873,30873,6.040528430124468,0.06134146175148599,6.00866330177687,0.007269989286058492,35
30874,30874,6.040459634803076,0.0613282305779103,6.008505856467317,0.007270573988996835,35
30875,30875,6.0404032944387005,0.06133464248833403,6.008309141410943,0.007297124042244652,35
30876,30876,6.040350104445804,0.061340512031130674,6.008151915894753,0.007302342011861703,35
30877,30877,6.040284312966987,0.06132837527592285,6.007976154471946,0.007296520608765566,35
30878,30878,6.040221745124104,0.061315413715239214,6.007840395440488,0.007296716492893395,35
30879,30879,6.040136538565236,0.06130007248443538,6.007675037570013,0.007293731344096203,35
30880,30880,6.040058438658312,0.06129138193553825,6.0075088005260975,0.007256610126486631,35
30881,30881,6.040008985152519,0.061276792069119526,6.007359341041926,0.007259140328563824,35
30882,30882,6.039946124251824,0.06127332015196803,6.007216328829622,0.007255414323802164,35
30883,30883,6.039901066613213,0.06129295839661975,6.007061740833738,0.007249413799465317,35
30884,30884,6.039840476910562,0.061282301825573676,6.006886052675383,0.007240742771897492,35
30885,30885,6.039784136546185,0.061297805818699376,6.0067121228639015,0.00722657291270628,35
30886,30886,6.039741130312258,0.06129330450572652,6.00657526486565,0.007221123105923186,35
30887,30887,6.0396716756107915,0.06130572160778866,6.006426611290463,0.007201648548830595,35
30888,30888,6.039604125785103,0.0613084025298017,6.006275320194964,0.0071869085313204855,35
30889,30889,6.039528809927392,0.06131936955151863,6.006125128066263,0.007176606397958694,35
30890,30890,6.039475986256763,0.06133181812113996,6.005946509329789,0.0071683621539742875,35
30891,30891,6.039428730684558,0.061337421456530275,6.005775876418692,0.007138150121296424,35
30892,30892,6.039379643501032,0.06133063751147552,6.005599382351355,0.007147263513374399,35
30893,30893,6.039299199131611,0.06134525413836552,6.0054465527023435,0.007138207249225378,35
30894,30894,6.039236411495367,0.061345283790719365,6.0052972397470805,0.007139360520596969,35
30895,30895,6.039190841005588,0.061351595456763275,6.005152469187903,0.007136327254140353,35
30896,30896,6.039139409359564,0.06134773422525626,6.004989602308828,0.007110685364738188,35
30897,30897,6.039085853044402,0.061329467253761566,6.0048542828640885,0.007104509249708295,35
30898,30898,6.039020281358943,0.06135233492080745,6.004715153667793,0.00709131909234177,35
30899,30899,6.038956394755906,0.06134151474492764,6.0045689178195545,0.00706598831115523,35
30900,30900,6.038898662366923,0.06134086375641186,6.0044559440329905,0.007066072796201733,35
30901,30901,6.038848769274413,0.06136154027949192,6.004325679835511,0.007057180826397778,35
30902,30902,6.03879301502566,0.0613722463957518,6.004169773079475,0.007038985444643099,35
30903,30903,6.038742096230807,0.06137189151240024,6.00401056942305,0.007052170088421093,35
30904,30904,6.03868135999925,0.061387697982626624,6.003842647296718,0.007048910428473455,35
30905,30905,6.038630367939943,0.061381446519966715,6.003705642769559,0.00703104268915009,35
30906,30906,6.03857190290643,0.06137275287700664,6.003555230847501,0.007026299067569035,35
30907,30907,6.03852831055688,0.061359061814987764,6.003419984667215,0.007037286675379864,35
30908,30908,6.038481787629209,0.06135136412484645,6.003287156213881,0.007045620108744081,35
30909,30909,6.038443470320277,0.06134961813085842,6.003120699376607,0.007031552392015592,35
30910,30910,6.038390426856287,0.061334080580600726,6.002974243735009,0.007032281081247515,35
30911,30911,6.0383379695079205,0.061324750315790474,6.002839583670349,0.007027718529481583,35
30912,30912,6.038281629143545,0.06130369094263024,6.002684922410014,0.007032419899504004,35
30913,30913,6.038228439150648,0.061295541293258836,6.002539565735211,0.00704432892882218,35
30914,30914,6.038190121841716,0.061317677773358975,6.002370324848722,0.0070579111723748,35
30915,30915,6.038145723583182,0.06132089922255731,6.002231268916883,0.007059509085768964,35
30916,30916,6.038098687804341,0.061330949236852936,6.0020982939346395,0.007058919541971448,35
30917,30917,6.038056414214945,0.06133567630181476,6.001956160895772,0.007068932684784732,35
30918,30918,6.038004542982204,0.061341170875529365,6.001808093436209,0.007086632795294171,35
30919,30919,6.037945198775254,0.06135604839087892,6.0016455196149465,0.007080426893078531,35
30920,30920,6.037892375104621,0.06135101979430185,6.001505950831932,0.0070872475199011045,35
30921,30921,6.037847024408197,0.06134576731061321,6.0013667483711854,0.007087054307130534,35
30922,30922,6.037798083753578,0.06135175710265674,6.001207617979213,0.007068808895952851,35
30923,30923,6.037752000412627,0.061343918663705164,6.001077427046187,0.007066797887428145,35
30924,30924,6.037703719138082,0.06134703371579341,6.000916538307345,0.0070657929496638515,35
30925,30925,6.03765595071471,0.061349488238616474,6.000778654606751,0.007051924734780402,35
30926,30926,6.037615582001092,0.0613473782115381,6.000642968839749,0.007063533417017464,35
30927,30927,6.037569205602328,0.06133394163036965,6.000468819234908,0.007043146002239547,35
30928,30928,6.0375149899070895,0.06131705580000646,6.0003238288823715,0.0070429233916090095,35
30929,30929,6.037468760037232,0.06130681083332856,6.0001786187364745,0.007022670658457702,35
30930,30930,6.037417987771282,0.06131118991682503,6.00002930578121,0.007035024087415211,35
30931,30931,6.0373883889322615,0.06129788388096415,5.999900873195058,0.007034639015532894,35
30932,30932,6.037360328646753,0.06129168172903754,5.999743794207772,0.007032714844210961,35
30933,30933,6.037311827578851,0.06130708993107365,5.9995991701775,0.007017270318634912,35
30934,30934,6.0372749755589785,0.06132344973984567,5.999451762098013,0.006995608444576912,35
30935,30935,6.037244937133238,0.061322319349649775,5.9993338795930935,0.006996364177201449,35
30936,30936,6.037183541521603,0.06130682383653214,5.999177679779246,0.007002570493462918,35
30937,30937,6.037142000576737,0.06130583396456789,5.999035107153658,0.007024699378299322,35
30938,30938,6.037092986657664,0.0613096650816004,5.998909824938985,0.007030042021955986,35
30939,30939,6.037036719557741,0.061304471983205926,5.998777143014556,0.007039718823484275,35
30940,30940,6.036997156753107,0.061302039094377175,5.998653838940114,0.007031813301888284,35
30941,30941,6.036931145480932,0.06128434350117842,5.998522036189122,0.007049669740154227,35
30942,30942,6.036882644413028,0.06127306118555601,5.998377705216662,0.007058963113102204,35
30943,30943,6.036845792393156,0.06127421099965941,5.998255866431283,0.007035788692163356,35
30944,30944,6.036806522646335,0.06126963647958612,5.998112487896713,0.007023806541979209,35
30945,30945,6.0367569958760905,0.06130125803590551,5.997946250852798,0.006998405800971289,35
30946,30946,6.0367062968745975,0.06129824696954926,5.997802579260416,0.007015985891969001,35
30947,30947,6.036655011757477,0.06127595650662085,5.997645060686412,0.0070179013077183855,35
30948,30948,6.036603433582549,0.06126124965039234,5.99750431967215,0.007018359951019054,35
30949,30949,6.036571856603296,0.06125077728702335,5.997375960350451,0.007021406748471266,35
30950,30950,6.036515882561184,0.0612489639210809,5.997229065122134,0.007032545276837816,35
30951,30951,6.036484159053026,0.06125134225527376,5.9970945515863825,0.0069960753354007844,35
30952,30952,6.036436610423012,0.06124259048578204,5.996954909538914,0.006987670855427368,35
30953,30953,6.036384153074646,0.061232367737987764,5.996798489931706,0.006972925525093077,35
30954,30954,6.03634407741884,0.0612307311361389,5.996658701355335,0.006962566220730334,35
30955,30955,6.036315357753256,0.0612336636201737,5.996519205836773,0.0069508257902301,35
30956,30956,6.036274769246278,0.061239448396798124,5.996370405732679,0.006962148314851889,35
30957,30957,6.036235426235003,0.06124114190325922,5.9962532558722925,0.0069716578283492885,35
30958,30958,6.036190661654206,0.06124798544624795,5.9961409414658045,0.0069578416108878795,35
30959,30959,6.036128020546871,0.061249471240172625,5.995994046237488,0.006954195030199139,35
30960,30960,6.0360950515430085,0.06126309198750481,5.995842169026368,0.006960247164488196,35
30961,30961,6.036048089028619,0.06125763175945709,5.995715274993729,0.006953450284672283,35
30962,30962,6.036012335975543,0.0612592115262479,5.995585084060704,0.006931566608409958,35
30963,30963,6.035963981436546,0.06125351143685673,5.995452695194086,0.006941149693094971,35
30964,30964,6.03589577223078,0.0612543411941654,5.995317229220443,0.006934542782655752,35
30965,30965,6.035870715787845,0.0612471403937244,5.995191067832334,0.006951175809785058,35
30966,30966,6.035823020628924,0.061225447621466214,5.995045125041907,0.006948331832785925,35
30967,30967,6.035775105676647,0.0612227895973315,5.994921015058483,0.006955751460721885,35
30968,30968,6.035743235639582,0.06123582692477227,5.994807088834027,0.0069535203828929495,35
30969,30969,6.035717739609928,0.06124311242145259,5.9946850302552885,0.006968336214469703,35
30970,30970,6.035693415811523,0.061232350700073324,5.994539160729317,0.006976727257489567,35
30971,30971,6.035647625528383,0.06121615048593624,5.994397394012712,0.0069888861990992385,35
30972,30972,6.035620444416312,0.061205368391953126,5.994258191551964,0.006998868681246308,35
30973,30973,6.035584325040968,0.0612005743135122,5.994124117602928,0.006979257554285454,35
30974,30974,6.035554945995307,0.061201347002019076,5.994010044849567,0.006974024383151703,35
30975,30975,6.035514577281688,0.061190482533571185,5.99387084238882,0.0069866787092955724,35
30976,30976,6.035465343569256,0.06117785775753589,5.993722042284725,0.006987496816778562,35
30977,30977,6.035426733202512,0.06117091205591443,5.993573168916179,0.006987254328329401,35
30978,30978,6.035386877340066,0.06117373153635345,5.993441732487451,0.006994109374383103,35
30979,30979,6.035338962387788,0.061165451384539465,5.993293078912263,0.007011359894542857,35
30980,30980,6.035301817310102,0.061174954081377686,5.9931401759988,0.006990314152213611,35
30981,30981,6.0352789588007605,0.061175743036980985,5.993027861592313,0.006978858239002793,35
30982,30982,6.0352218125274,0.0611710536448921,5.992886607726881,0.006974246455153891,35
30983,30983,6.035182396251674,0.061174502493529286,5.992754731711433,0.006969478288233692,35
30984,30984,6.03513580005955,0.06120173463713599,5.992577358470659,0.006958857623084092,35
30985,30985,6.035091328536563,0.061216700023422374,5.992455886007543,0.006950758448387597,35
30986,30986,6.035056674450282,0.06120623265167573,5.992323863463193,0.006976339243929738,35
30987,30987,6.035011983133937,0.061199609505449684,5.9921815106309655,0.006980143657179402,35
30988,30988,6.03497329950274,0.061200187050827824,5.992065826059639,0.006978630427956747,35
30989,30989,6.034930806119986,0.06119328685530542,5.991951240455108,0.006973814847545226,35
30990,30990,6.034879447738414,0.061192752310058864,5.991802806673279,0.006974035131261715,35
30991,30991,6.034849042990407,0.061195993392373214,5.991671296980098,0.006979866315961387,35
30992,30992,6.034808747541245,0.06118548595553085,5.9915271858009955,0.007001984780672469,35
30993,30993,6.034768378827628,0.06118970924522488,5.991383367679709,0.007030575339305179,35
30994,30994,6.034744128293678,0.061184518484593074,5.991256839969335,0.0070241211469462715,35
30995,30995,6.034709767265206,0.06118024910360913,5.9911145604015585,0.007021935630661971,35
30996,30996,6.034663757188707,0.06119139725092523,5.9910030519040545,0.007021209956448851,35
30997,30997,6.034627711077819,0.06117370422878931,5.990880333945237,0.0070188409282502156,35
30998,30998,6.03459598756966,0.0611702327482333,5.990745893673935,0.007040482583874647,35
30999,30999,6.034563604681423,0.06116607449649996,5.990621344103795,0.007036422345933336,35
31000,31000,6.034528804066236,0.06116308504533505,5.990488442386006,0.007030883908416499,35
31001,31001,6.0344852849811375,0.06118217635631575,5.990348360751822,0.007025327761841034,35
31002,31002,6.034444403416351,0.061191184028465274,5.99021194234029,0.007016042616855678,35
31003,31003,6.034399419042193,0.06119267263670008,5.99006350855846,0.0069873550414016675,35
31004,31004,6.034361614584433,0.0611837012164676,5.989920276552796,0.00700246631954179,35
31005,31005,6.034343591528988,0.06119717202332085,5.9897785831006445,0.0070135829265875185,35
31006,31006,6.03429325884976,0.061222943707119726,5.9896489782832445,0.006990455653343601,35
31007,31007,6.034259044350197,0.06123358058929699,5.9895080907400775,0.00701414377685793,35
31008,31008,6.034221606214699,0.06123942292561111,5.9893768741047095,0.007018170820012954,35
31009,31009,6.034183435434676,0.061236330776730324,5.9892143002834475,0.007049670178725802,35
31010,31010,6.034143872630043,0.061237921738316735,5.989055682742647,0.007070551488007361,35
31011,31011,6.034107899783606,0.06124901474557917,5.988914795199479,0.0070767144678928,35
31012,31012,6.034093100364093,0.061247373525249366,5.988799330421512,0.007082401056503598,35
31013,31013,6.034058226484456,0.061264290734964005,5.988677638165036,0.007080322199856399,35
31014,31014,6.03403075231457,0.06125666662639887,5.988537336737492,0.007069479421621492,35
31015,31015,6.034001080211095,0.061259988081214335,5.988393005765034,0.007069104495560163,35
31016,31016,6.033953678109987,0.061248521712496284,5.988249187643745,0.007095577560263922,35
31017,31017,6.03392415253542,0.061242149311270824,5.988140756253268,0.007111480361845833,35
31018,31018,6.033897777332331,0.06123708137736935,5.988009759411259,0.00707816134301774,35
31019,31019,6.033867665642138,0.061235690232501014,5.987899056822737,0.007065098719098857,35
31020,31020,6.033829787919923,0.06120952982156262,5.987785350391643,0.007086018497994103,35
31021,31021,6.0337904449086475,0.061214267880944424,5.987665563010945,0.007083403756538544,35
31022,31022,6.033746559501285,0.061216143633690386,5.987520865716222,0.007093465209557864,35
31023,31023,6.0337195249181175,0.06122113956258277,5.987416683664019,0.0070901319388238125,35
31024,31024,6.033687581616602,0.061226338490794265,5.9873118422317395,0.007084721391680898,35
31025,31025,6.033649703894388,0.061221932471566674,5.987188171835034,0.007088205413148281,35
31026,31026,6.033605745222571,0.0612237666710559,5.987053438505922,0.00707940634832646,35
31027,31027,6.0335581965925575,0.06122652180009639,5.9869155548053286,0.00707499492811136,35
31028,31028,6.03353328667853,0.06121832448272978,5.986770198130525,0.007070403979207576,35
31029,31029,6.0335128458961345,0.0612210163741268,5.986640886370937,0.007047983748781305,35
31030,31030,6.033495262427411,0.061225573579790415,5.9865205861390685,0.007030581618802443,35
31031,31031,6.033463978505968,0.061233402299122476,5.986402850163058,0.007025453302702282,35
31032,31032,6.033427932395079,0.06122242843891738,5.986268849478473,0.007051005797640484,35
31033,31033,6.033401190869727,0.061225055095197975,5.986149208626684,0.007045025095510784,35
31034,31034,6.033375328517808,0.061219361163224385,5.986031252857312,0.0070263012660008424,35
31035,31035,6.033346535587769,0.061226657353962086,5.985904944940297,0.0070427001866005595,35
31036,31036,6.033319134682338,0.061223358231718664,5.98580493896192,0.0070567457930423875,35
31037,31037,6.03327847291091,0.06121416588378775,5.985686909928094,0.0070565125097510565,35
31038,31038,6.033261182499994,0.06121890709880875,5.985580896264567,0.0070493694956417375,35
31039,31039,6.033217883208256,0.061232469501868614,5.985455174463175,0.007029750518839749,35
31040,31040,6.033168283173557,0.061231490072624024,5.98533340894225,0.007012136066817156,35
31041,31041,6.033131357889233,0.061235326447961584,5.985208419785389,0.007005889172527221,35
31042,31042,6.033097949298654,0.06122507627415812,5.9850979369902255,0.007005054184393138,35
31043,31043,6.033071647360018,0.06123532444768176,5.98497228845329,0.00700179369893309,35
31044,31044,6.033029520299528,0.06123718444030427,5.9848516951636075,0.006984168610526967,35
31045,31045,6.0329972839401975,0.06123961533758105,5.984725240717688,0.00698324672908797,35
31046,31046,6.032963362498447,0.061249783150895014,5.984607284948317,0.006992124407346872,35
31047,31047,6.0329306132879434,0.06125213449250909,5.984497534797685,0.006979544564850722,35
31048,31048,6.032900648126657,0.06125184189652184,5.984358771923655,0.006963713654630274,35
31049,31049,6.032865774247018,0.061264890861616364,5.984236493551554,0.006955070447417055,35
31050,31050,6.032821375988483,0.06127954851716792,5.984115387410705,0.0069439728613661,35
31051,31051,6.032780201365885,0.06130050026275441,5.983974646396444,0.006931842129194134,35
31052,31052,6.032755437980763,0.06130860862412655,5.983837055753662,0.006905795595178407,35
31053,31053,6.0327215165390085,0.06131818637832965,5.983722396884677,0.006905437969096285,35
31054,31054,6.0326884010062445,0.0612990092779364,5.983606126197728,0.006904382092341768,35
31055,31055,6.032650962870747,0.06132239795431831,5.98347322447994,0.0068895496611206825,35
31056,31056,6.032618799775869,0.061312616949042824,5.983339956439887,0.006894356563483165,35
31057,31057,6.032589054407941,0.06130802630024044,5.983202512326013,0.006900810597808642,35
31058,31058,6.032563411849383,0.06130205216528164,5.983096352133577,0.006904790806384285,35
31059,31059,6.03253696338184,0.06129411610007085,5.982982206115764,0.006888697281458028,35
31060,31060,6.032493517561196,0.061290663348865126,5.982866008693267,0.006872128624963411,35
31061,31061,6.032434612940963,0.061299951137050224,5.982741019536407,0.0068472537163342,35
31062,31062,6.032407065506628,0.061292548727236974,5.982607092116276,0.006824567840367436,35
31063,31063,6.0323676492309,0.061285008058094975,5.982499100312518,0.006830719830407099,35
31064,31064,6.032347501506318,0.06129142436919145,5.982395577640393,0.006814920042254897,35
31065,31065,6.032321053038776,0.06129621083799429,5.982290589679207,0.006789125075264045,35
31066,31066,6.0322885236216335,0.06129825092344435,5.982166992546954,0.0067864107765439816,35
31067,31067,6.0322702807728295,0.061308968387133574,5.9820343106225256,0.006794522527255994,35
31068,31068,6.032239582967013,0.06131692834752678,5.981913277746128,0.006774936852085921,35
31069,31069,6.032198994460035,0.061322617687525234,5.981796714001365,0.0067543736768245505,35
31070,31070,6.032167124422968,0.061330809590306325,5.981667695299588,0.006750458585335055,35
31071,31071,6.032114813603508,0.061340340005015336,5.981547614861079,0.0067351981235149894,35
31072,31072,6.032077375468013,0.06134304871036572,5.981417277399148,0.0067204067646139285,35
31073,31073,6.032056348569995,0.061343967440357736,5.98129844245634,0.006715577506213714,35
31074,31074,6.03203224456495,0.06134439161243509,5.981177116522131,0.006713898689798914,35
31075,31075,6.032004404072801,0.06134296864363841,5.981050369018397,0.006708734990202385,35
31076,31076,6.03196608676387,0.0613377783812959,5.980931900397855,0.006703804378618448,35
31077,31077,6.031950921022093,0.061337002498119436,5.98082134433824,0.006721868480013827,35
31078,31078,6.031922274620959,0.06134549288728788,5.980709542782924,0.006704662168941179,35
31079,31079,6.0318975112358375,0.061347113253251186,5.980595470029564,0.006699868191979114,35
31080,31080,6.031876630866723,0.06135303329416743,5.980492167150798,0.006680666712373446,35
31081,31081,6.0318479844655934,0.06135391065252209,5.980375969728301,0.006641452101661131,35
31082,31082,6.0318258586007785,0.0613533807021515,5.980252372596048,0.006613930359660787,35
31083,31083,6.031800875422295,0.06135054801137076,5.980105550632185,0.006629635820350622,35
31084,31084,6.031765268898126,0.061348131791118525,5.979997412299519,0.00662186936165631,35
31085,31085,6.0317406520419095,0.06135444819719878,5.979889493760212,0.006617327832817135,35
31086,31086,6.031711492789606,0.06134845220939617,5.979774541833417,0.006618920473732077,35
31087,31087,6.0316817474216755,0.061351275136990076,5.979662813542554,0.006612520568352053,35
31088,31088,6.031655298954135,0.06136526712683413,5.9795536495075465,0.006598742055138554,35
31089,31089,6.031636689783068,0.061362654912249515,5.979436719440518,0.006591690185618932,35
31090,31090,6.031596907185074,0.061345058046319866,5.979316492473104,0.006617605252128718,35
31091,31091,6.031557344380442,0.06133919643160366,5.9791805136482905,0.006611768301925757,35
31092,31092,6.031515876700027,0.06134557852527475,5.9790515682109655,0.00661331575011829,35
31093,31093,6.0314828344317135,0.06133748654846751,5.978935810375184,0.0066269860157306135,35
31094,31094,6.031457484930968,0.06133946629461739,5.978840493321798,0.006636914618727326,35
31095,31095,6.031416310308367,0.061320940513946175,5.978726420568439,0.006662219765843952,35
31096,31096,6.03137301101663,0.061307412160402676,5.97861066273266,0.006663177515003386,35
31097,31097,6.031342020153001,0.061309441394400824,5.978488018038296,0.0066777198671544745,35
31098,31098,6.031312787636242,0.06131318037361975,5.9783841290439055,0.006668873501616384,35
31099,31099,6.031287145077684,0.061307476663174335,5.978281998396387,0.006670370924728842,35
31100,31100,6.031266264708571,0.06129844067229032,5.978176497584032,0.0066637967054056476,35
31101,31101,6.03122626231722,0.061324664684659184,5.9780643297064495,0.006640463470608778,35
31102,31102,6.031202231576628,0.061346290605493216,5.977944176003487,0.006599567455381472,35
31103,31103,6.0311813512075165,0.06135065137416122,5.977849298536822,0.006589796383880701,35
31104,31104,6.031158932284889,0.06135666059921251,5.977740281030719,0.006579674603030588,35
31105,31105,6.031127135512277,0.061357735304893614,5.9776326555492245,0.006580604001646654,35
31106,31106,6.031115413199793,0.06135522961650141,5.9775278873814015,0.006584222501550289,35
31107,31107,6.031104057209574,0.061350335205221526,5.977429419956534,0.00659295591214293,35
31108,31108,6.031068523949855,0.061346283445211224,5.977318351045748,0.006592986751198925,35
31109,31109,6.031042808126844,0.06134677970685853,5.977193435153342,0.006606169941996265,35
31110,31110,6.031028521558505,0.061348874203484935,5.977085370085128,0.00659401007907566,35
31111,31111,6.0310043442890064,0.0613523417171928,5.976969392455986,0.00661375195619934,35
31112,31112,6.03097708991248,0.06135617670495476,5.976841692514364,0.00659285896189447,35
31113,31113,6.030957601567977,0.0613518549444476,5.976730037487955,0.00658059512528755,35
31114,31114,6.030933570827384,0.061374320277825814,5.976618822048263,0.006574088077060302,35
31115,31115,6.030910785582495,0.061373850534089926,5.976516911194104,0.006572032103813869,35
31116,31116,6.030887194428621,0.06136468133874402,5.976399321747,0.0065687488035580275,35
31117,31117,6.030865874472791,0.061361168179734485,5.976289937918633,0.006578678678210222,35
31118,31118,6.030835396460329,0.0613449747402778,5.9761845103707305,0.00657918851934094,35
31119,31119,6.030807262910369,0.061344718551968075,5.976070877204088,0.006583277694583583,35
31120,31120,6.030775026551037,0.061345816832531624,5.975975926472968,0.0065632280117163145,35
31121,31121,6.030745500976468,0.06137361289759832,5.9758717444207665,0.006550757910005768,35
31122,31122,6.030704692676134,0.061357341020692985,5.975755766791627,0.0065492274818091676,35
31123,31123,6.030675093837112,0.06135684120082228,5.975655467755434,0.006543927832493911,35
31124,31124,6.030639487312942,0.061350739565359226,5.9755153128568,0.006537463408881649,35
31125,31125,6.030629083760612,0.0613576110044774,5.9754315715869915,0.006530580713250942,35
31126,31126,6.03058688343567,0.06134100633978167,5.975321455114094,0.0065230998486029935,35
31127,31127,6.03056563674429,0.061349591640989826,5.975214122690412,0.0065251926865956605,35
31128,31128,6.0305347191451135,0.06134447459511201,5.975095507540963,0.00651906014239668,35
31129,31129,6.030511347784599,0.061339559502367816,5.975012865237951,0.0065179717669176344,35
31130,31130,6.030482115267843,0.06132779572029653,5.974908756450201,0.006520016511203156,35
31131,31131,6.030461527956543,0.06133543080266725,5.974818494644076,0.0065071649798640495,35
31132,31132,6.030441380231961,0.06134000066992365,5.974725302259826,0.006488221188976097,35
31133,31133,6.030432368704238,0.061341125207273285,5.9746290327685525,0.006487921517311702,35
31134,31134,6.030414638706606,0.06135000967717427,5.974531884103841,0.006488841865280768,35
31135,31135,6.030380717264857,0.06133020206795185,5.974435761141473,0.006509347250901985,35
31136,31136,6.030354268797313,0.06130741804130711,5.974329894006852,0.006520966468644839,35
31137,31137,6.030323864049307,0.061300142137810175,5.974212744146462,0.006503050592534036,35
31138,31138,6.030298148226295,0.06130693832201065,5.9741129579614425,0.00649259475316754,35
31139,31139,6.030281443931006,0.06130163972607304,5.974015589503372,0.006494004934176742,35
31140,31140,6.030245764142383,0.0612949427325534,5.9739051067082105,0.0064753073362372755,35
31141,31141,6.0302119159650855,0.061299695714152475,5.973788323170087,0.006459248355788671,35
31142,31142,6.030176895556541,0.06129286986080827,5.973675862234695,0.006479287073344282,35
31143,31143,6.0301596784100795,0.06129212685195073,5.973580691710215,0.006473354576796823,35
31144,31144,6.030142387999165,0.061286289531453125,5.973471454410754,0.006475584164813241,35
31145,31145,6.030126855935124,0.06128081694343315,5.973378188762053,0.006483893642290592,35
31146,31146,6.030114474242562,0.0612875921397085,5.9732772303457855,0.006478572956129784,35
31147,31147,6.030102312343361,0.061290460260590374,5.973172901764678,0.00649007589681469,35
31148,31148,6.030064288092241,0.061299671588035426,5.973057803308975,0.0064875857466790785,35
31149,31149,6.030040184087196,0.061300836952572026,5.972966076213787,0.006490627559494615,35
31150,31150,6.030013149504027,0.06130886680420545,5.972853395485036,0.006470568280151431,35
31151,31151,6.029973879757208,0.06131215678879962,5.972743938392213,0.00644956500544051,35
31152,31152,6.029959739717772,0.06130430347622873,5.972656021048581,0.006455985418029555,35
31153,31153,6.029926404391648,0.0612790989233313,5.9725532310209895,0.006462750169275962,35
31154,31154,6.0298925562143495,0.0612517067169268,5.972445971861763,0.0064721014638795355,35
31155,31155,6.029876877621403,0.06124839637330106,5.972350654808376,0.006476137128159206,35
31156,31156,6.0298537993186985,0.061243313284738775,5.972256216928425,0.006469406274581257,35
31157,31157,6.029826471677722,0.061230165555509926,5.972137821572338,0.00645242327396401,35
31158,31158,6.0298108663492265,0.0612325533367076,5.97204074617208,0.0064532180851459495,35
31159,31159,6.029797825276588,0.06124031715406327,5.9719489458124375,0.006427683548596141,35
31160,31160,6.0297706441645165,0.06124436439364375,5.971837510579388,0.006407974839187427,35
31161,31161,6.029748078712983,0.061229408343207975,5.971738237245537,0.006390453384076223,35
31162,31162,6.029710274255222,0.06123572596661711,5.971638011473798,0.006387349959232133,35
31163,31163,6.029697013389226,0.061233843210431814,5.971551559419232,0.006389401809613553,35
31164,31164,6.0296718836818375,0.06123441753265661,5.971445106168986,0.006402915986267231,35
31165,31165,6.029638621620164,0.0612426349448026,5.971349642586692,0.006386279971407288,35
31166,31166,6.029611000921372,0.061237465144216435,5.971245020947772,0.006381419029638565,35
31167,31167,6.029592758072572,0.06124204761050804,5.971148165340874,0.006368051607118702,35
31168,31168,6.029579057619856,0.0612356415326088,5.9710520423785045,0.006353545274528471,35
31169,31169,6.029546161880447,0.061235748633407874,5.970964637886045,0.00634658899921282,35
31170,31170,6.029513705727756,0.061229441623202874,5.9708622874451684,0.0063439974812214365,35
31171,31171,6.029500298332852,0.06122610149075359,5.97075283035235,0.006352058430939401,35
31172,31172,6.029478245732491,0.061222440164677275,5.97067582941222,0.006357402644971227,35
31173,31173,6.0294586108590815,0.061216281647545424,5.970568350459633,0.0063614575392724965,35
31174,31174,6.029429451606778,0.06121679770455005,5.970464461465242,0.006366843736405576,35
31175,31175,6.029410476113443,0.061218498044970336,5.970363136726707,0.0063904253757842144,35
31176,31176,6.0293893026865195,0.06121088639009629,5.970263423806141,0.006388553619211723,35
31177,31177,6.029376627936148,0.06121336562912018,5.970172429355483,0.006392103587183611,35
31178,31178,6.029350765584228,0.06121233465859975,5.970076892508738,0.006402549371845872,35
31179,31179,6.029334061288937,0.0612233060102869,5.969953734963203,0.006404215278757642,35
31180,31180,6.0293107631928775,0.06123039809731123,5.969847941093035,0.006421525135249907,35
31181,31181,6.029298234971409,0.06123363300600398,5.969760463336122,0.006403212380273489,35
31182,31182,6.0292751566687075,0.061235960728275474,5.969661483060086,0.006388197608051242,35
31183,31183,6.029249733903508,0.06125038341111424,5.969566385800062,0.006382607575730981,35
31184,31184,6.029226435807445,0.06124347440248475,5.969477809076352,0.006385741768360466,35
31185,31185,6.029198228993031,0.061249433671608476,5.9693386066156044,0.006385068922147713,35
31186,31186,6.029173465607908,0.06126547128552921,5.969225559564586,0.006391084918627239,35
31187,31187,6.029159911684098,0.061257189377644836,5.969102695076862,0.006410416778759996,35
31188,31188,6.02914350044662,0.061265638038209336,5.96901060165941,0.006399520974162876,35
31189,31189,6.0291186637970435,0.06126818548527588,5.968919094357583,0.006392026737013643,35
31190,31190,6.02908950454474,0.06126689696951361,5.968831689865122,0.0063971699672568955,35
31191,31191,6.029059099796736,0.06124690669498225,5.968730438391042,0.0064105896144344395,35
31192,31192,6.029033383973722,0.06123906985961139,5.968626036545483,0.006390411410335261,35
31193,31193,6.0290002684409565,0.06123314380953709,5.968512989494465,0.006368006972784006,35
31194,31194,6.028986494723787,0.06124039943468757,5.968424998886381,0.006347374157901274,35
31195,31195,6.028940850969553,0.061245655424415874,5.968322648445504,0.006344119465576546,35
31196,31196,6.028931399855112,0.0612465155271542,5.968253853124113,0.006342898513967961,35
31197,31197,6.028917259815677,0.0612471297595023,5.968156924252762,0.006320486226444173,35
31198,31198,6.028895866595395,0.061245798516549314,5.968049005713454,0.006311203987538342,35
31199,31199,6.028878429655576,0.061251379588028475,5.967935372546814,0.006298322340181879,35
31200,31200,6.028865681640749,0.061247733510998624,5.9678478215254485,0.0062974303019994685,35
31201,31201,6.028841724164609,0.06126863958956909,5.9677460572001975,0.0062983018895928855,35
31202,31202,6.028817620159564,0.06126169112353056,5.967645465106193,0.006279138662618705,35
31203,31203,6.0287853838002325,0.061253622259314626,5.9675323447907225,0.006290720992016671,35
31204,31204,6.02876736074479,0.06126485482456597,5.967425158895947,0.0062775030788763935,35
31205,31205,6.028757250250273,0.06127562470588545,5.967339366221451,0.006258577131789193,35
31206,31206,6.028731094840541,0.06127145054420454,5.9672490311508755,0.006273133638583629,35
31207,31207,6.028714244016347,0.061265235968776366,5.9671524686017845,0.006268067974623323,35
31208,31208,6.0286824472437335,0.061271455428911985,5.967037003823818,0.0062661704410597215,35
31209,31209,6.028646547661752,0.061274011802261566,5.966909084088838,0.0062662135033587744,35
31210,31210,6.028620172458661,0.06128649404609403,5.966810909721782,0.006237843042898574,35
31211,31211,6.028606472005945,0.061294734716002074,5.966728413947678,0.006224099857881886,35
31212,31212,6.028584858992303,0.06128054535792439,5.966641449041934,0.006226059218769926,35
31213,31213,6.028562220276317,0.061281106517006134,5.966536900667468,0.0062165364655394975,35
31214,31214,6.02854236560955,0.0612783541581745,5.966446199274625,0.006223859431124196,35
31215,31215,6.028525881107617,0.061290958618103214,5.9663411380489855,0.006207180710542701,35
31216,31216,6.028510715365843,0.061294071739177836,5.966252634589732,0.006190717423695542,35
31217,31217,6.02848983499673,0.06130061113295431,5.966170871460153,0.006173855665216443,35
31218,31218,6.028465730991683,0.061298272012490926,5.966070279366153,0.006165447564461597,35
31219,31219,6.02843657173938,0.06129797137386728,5.9659772335108086,0.006160684055210186,35
31220,31220,6.028410562858556,0.061298035238556224,5.965858984683626,0.00616783022019534,35
31221,31221,6.028378692821488,0.061295014407527014,5.9657491612685405,0.0061634581452539965,35
31222,31222,6.0283572263367535,0.061304534580883675,5.96566051128038,0.00616098252755687,35
31223,31223,6.028338983487952,0.06129951536422799,5.965546145469209,0.006170975501206468,35
31224,31224,6.02831136278916,0.06130296359185659,5.965449509655668,0.006160197524639044,35
31225,31225,6.028292680353638,0.061311426213491525,5.965357489502669,0.0061360737230551285,35
31226,31226,6.028276415645067,0.061309745768600765,5.965248178938754,0.006126890797617353,35
31227,31227,6.02824791577284,0.061316924908224865,5.965148319489282,0.006128373601372966,35
31228,31228,6.0282290868084125,0.061305014181284576,5.965077326234303,0.006139944321364487,35
31229,31229,6.028221247511937,0.06130383942790544,5.964991460295355,0.0061359288764224924,35
31230,31230,6.028200586936187,0.06130354558291892,5.964881929938081,0.006163484746353271,35
31231,31231,6.028164540825298,0.06129568635364485,5.964767783920269,0.006164899236102225,35
31232,31232,6.0281512799593,0.061297197361507814,5.964677888436407,0.006172009889237061,35
31233,31233,6.028135454837447,0.061300462093824365,5.964581838738493,0.006170623207368742,35
31234,31234,6.028113915088258,0.06130619998824426,5.964496265857358,0.0061709591025567645,35
31235,31235,6.02807911447307,0.06130326166527415,5.964400216159443,0.00616912279757009,35
31236,31236,6.028053105592247,0.061304109591460126,5.964300210181063,0.0061650256085171535,35
31237,31237,6.0280401377840604,0.061300526412408136,5.964222183538591,0.006165734075128861,35
31238,31238,6.02801398237433,0.06131726544388155,5.964134046401602,0.006148119889667303,35
31239,31239,6.0279972048145885,0.061310888666085736,5.9640442974466445,0.006147524080226239,35
31240,31240,6.027971928578293,0.06131380722113219,5.963949859566696,0.006155109718506221,35
31241,31241,6.027970390024781,0.0613142465507676,5.963864799536735,0.006170484538581367,35
31242,31242,6.0279514877959,0.061318473178806135,5.963754463270479,0.006155275702820057,35
31243,31243,6.02794254953263,0.06132074834445445,5.963663615348728,0.006143334910950698,35
31244,31244,6.027926504617421,0.06132932212440114,5.96357723655861,0.006142132563923699,35
31245,31245,6.027914489247122,0.061332612740449675,5.963487487603654,0.006152916959985519,35
31246,31246,6.027905990570573,0.06133244366677688,5.963396639681903,0.006166522383317745,35
31247,31247,6.027893535613557,0.061342476474969,5.963314070643345,0.006146769214193608,35
31248,31248,6.0278733146245225,0.06134234251308957,5.9632189733833165,0.006141191569718303,35
31249,31249,6.027851481817522,0.06134539229378856,5.9631063659190175,0.006161940513830946,35
31250,31250,6.027840492149568,0.06135101790370241,5.963013613121488,0.006146140574031651,35
31251,31251,6.02782019789608,0.061358080692535774,5.9629061341689,0.0061355323803705605,35
31252,31252,6.027798218560172,0.061361191381011336,5.962820121701047,0.006133480141599975,35
31253,31253,6.027779829182463,0.0613459954344497,5.962737259604678,0.006142499532527893,35
31254,31254,6.0277656891430285,0.061350147772870775,5.962650441227843,0.006137021412690714,35
31255,31255,6.027751622368048,0.06134782097545687,5.962572268056466,0.0061151769641826,35
31256,31256,6.0277363100973655,0.061366724446630265,5.962482738894867,0.006106501538275295,35
31257,31257,6.027725320429411,0.06136764934970605,5.962394088906707,0.006104592157777599,35
31258,31258,6.0277064182005295,0.061361189311124324,5.962305219125187,0.00612006520753206,35
31259,31259,6.027698066052888,0.06135467133361267,5.962216495872574,0.0061308462922079815,35
31260,31260,6.0276755006013545,0.061356481672555065,5.962118101712162,0.006135912936214785,35
31261,31261,6.027660920975202,0.061360118306732436,5.962011868255273,0.006142133758451419,35
31262,31262,6.027639601019372,0.06136175099600503,5.961927394340936,0.0061429291521551636,35
31263,31263,6.0276108813537865,0.06135134485940157,5.96181727786804,0.006141272501743884,35
31264,31264,6.027585824910853,0.0613608587683125,5.961710165237718,0.006127796415703049,35
31265,31265,6.027559962558933,0.06135961264499967,5.961609060292544,0.006139138961380303,35
31266,31266,6.027527066819527,0.0613623909151569,5.961499163613004,0.006131350882354602,35
31267,31267,6.027509410086346,0.06135803371897097,5.961406044493207,0.006105987491189921,35
31268,31268,6.027489189097313,0.06134591622175905,5.961319152851923,0.006109163275393918,35
31269,31269,6.027465524678984,0.061343306135953235,5.961227425756736,0.006096277982903896,35
31270,31270,6.027445376954403,0.06134902617833105,5.961141999404505,0.0061017533906204185,35
31271,31271,6.0274199541892015,0.061348159203239085,5.961044850739796,0.006104332684090444,35
31272,31272,6.027386911920888,0.06134958564768553,5.960946016992664,0.006112815964175102,35
31273,31273,6.027367423576384,0.06134168197270368,5.960856121508802,0.006095994008717039,35
31274,31274,6.0273461036205545,0.061335609327219626,5.960759998546433,0.006092815510011226,35
31275,31275,6.027333135812367,0.06134318675321832,5.960670322855932,0.006088532122090938,35
31276,31276,6.027310716889742,0.061345255364496164,5.960587167701747,0.006083106489947767,35
31277,31277,6.027293426478827,0.06135558527877119,5.960500715647178,0.006074891348277481,35
31278,31278,6.0272671245401925,0.06135588378076221,5.9604225424758,0.006067890236968707,35
31279,31279,6.027242507683977,0.06136267865992132,5.9603229760841385,0.006059134972972832,35
31280,31280,6.02721935611682,0.06135928410203784,5.960220698907715,0.00604788947770591,35
31281,31281,6.027207707068789,0.0613755761001579,5.960128825283622,0.0060424256607838405,35
31282,31282,6.027179060667657,0.06138567713608015,5.960025156082589,0.006044827958960392,35
31283,31283,6.027155103191516,0.06138015076272106,5.959929765764753,0.006055307569077515,35
31284,31284,6.0271397176563815,0.061375325340767166,5.959857307220711,0.006052353927189599,35
31285,31285,6.027129826955223,0.06137394569905962,5.959765360332163,0.006065215637964558,35
31286,31286,6.027114734477902,0.06137087003137048,5.959675318319397,0.0060761211164919995,35
31287,31287,6.027082937705287,0.06136546672402485,5.95957589845664,0.0060663236749287355,35
31288,31288,6.0270681382857765,0.06136526832816069,5.959495014500501,0.006062686376348218,35
31289,31289,6.0270436679584645,0.061360568667288076,5.9593872424901,0.006055037255131393,35
31290,31290,6.027023666762791,0.06137160121321129,5.959301889402326,0.006036989557788669,35
31291,31291,6.02701231077257,0.06136426705761981,5.959194630243098,0.006022896187666444,35
31292,31292,6.0270022735425055,0.061366276235998024,5.959119314385388,0.006026755828034596,35
31293,31293,6.026978096273009,0.061373586756553015,5.959017843117947,0.006025588693281111,35
31294,31294,6.0269635166468545,0.06138530587114365,5.958930438625488,0.0060079638940787215,35
31295,31295,6.026936335534784,0.06138098877937016,5.958831971200622,0.0060241592405975534,35
31296,31296,6.026930474378543,0.06137862255240434,5.958768670713209,0.006032429920073838,35
31297,31297,6.026904318968811,0.061378086789067914,5.958651813910635,0.006029921722731923,35
31298,31298,6.026899043928193,0.061383279966151234,5.958560526402165,0.00604491384733871,35
31299,31299,6.02687472012979,0.061378470416391585,5.958450336664815,0.006057443580611082,35
31300,31300,6.026854792198567,0.06137728770333744,5.9583486456040164,0.006079471305985781,35
31301,31301,6.026835230589608,0.06138123928718745,5.958261753962729,0.006085492909653215,35
31302,31302,6.026811785964641,0.06137326887351038,5.958172444594492,0.006097464636878429,35
31303,31303,6.026799257743174,0.061366337942569016,5.958089362704759,0.006123169207384225,35
31304,31304,6.026790759066622,0.061372507463592775,5.958027087919687,0.006114189734152517,35
31305,31305,6.026782333654525,0.06137315689010139,5.957924444421001,0.006121450777523922,35
31306,31306,6.02675800985612,0.06138078780102865,5.9578415090601755,0.006105692772915364,35
31307,31307,6.026751635848707,0.06138243289534105,5.957773226589955,0.0060973530112323005,35
31308,31308,6.0267468736592615,0.06137954447220829,5.9576924891627225,0.006086147837658128,35
31309,31309,6.026723429034293,0.06137139125844506,5.957607062810495,0.00609416717631391,35
31310,31310,6.026704526805411,0.06136763552622895,5.957521343400455,0.006107032885685113,35
31311,31311,6.026686870072233,0.061366465424683166,5.957427931222847,0.00611568213426276,35
31312,31312,6.026675807139826,0.061368281625730006,5.957339867350311,0.006131476738778822,35
31313,31313,6.026662326480468,0.06135580974916875,5.957244989883645,0.0061491202071810224,35
31314,31314,6.026643204458232,0.061368276948580214,5.9571288657256,0.006152473455695238,35
31315,31315,6.026628844625438,0.061362784412802775,5.9570304715651865,0.0061636731630307215,35
31316,31316,6.026616389668423,0.06136153479997684,5.956940356287966,0.006173858294345208,35
31317,31317,6.026591919341112,0.06136594841242107,5.956833316922097,0.006159792271755479,35
31318,31318,6.026576973392695,0.061363882935178575,5.956747011396433,0.0061783488728939535,35
31319,31319,6.026557704841549,0.06136408430799626,5.956657995086006,0.006171814246056037,35
31320,31320,6.0265284723247925,0.0613697839958557,5.956564949230664,0.006157697303341377,35
31321,31321,6.026513306583017,0.06137202619624421,5.95647402804446,0.006140081037270828,35
31322,31322,6.026499313072487,0.0613650879606601,5.956386696816454,0.006132939527039849,35
31323,31323,6.02648238898384,0.06136439321358345,5.956300318026337,0.006139134514388194,35
31324,31324,6.026477626794393,0.061359708313196086,5.956222291383868,0.006156619579464876,35
31325,31325,6.0264645857217545,0.06135728178037648,5.95612917226407,0.006155540630953258,35
31326,31326,6.026441067832334,0.06135654035787269,5.95603927678021,0.006158541033499083,35
31327,31327,6.026423044776889,0.06136040756265156,5.955975756499437,0.00615162360233289,35
